Time,Node,CarCount,BikeCount,BusCount,TruckCount,TrafficSituation
00:00:00,10,31,0,4,4,low
00:15:00,10,49,0,3,3,low
00:30:00,10,46,0,3,6,low
00:45:00,10,51,0,2,5,low
01:00:00,10,57,6,15,16,normal
01:15:00,10,44,0,5,4,low
01:30:00,10,37,0,1,4,low
01:45:00,10,42,4,4,5,low
02:00:00,10,51,0,9,7,low
02:15:00,10,34,0,4,7,low
02:30:00,10,45,0,1,1,low
02:45:00,10,45,0,1,3,low
03:00:00,10,50,0,3,0,low
03:15:00,10,34,0,4,4,low
03:30:00,10,129,22,42,1,heavy
03:45:00,10,144,16,49,0,heavy
04:00:00,10,111,28,20,3,normal
04:15:00,10,67,11,10,16,normal
04:30:00,10,65,24,7,16,normal
04:45:00,10,94,27,7,16,normal
05:00:00,10,94,20,8,7,normal
05:15:00,10,67,29,5,10,low
05:30:00,10,56,12,2,14,normal
05:45:00,10,57,13,3,11,low
06:00:00,10,129,22,42,1,heavy
06:15:00,10,144,16,49,0,heavy
06:30:00,10,111,28,20,3,normal
06:45:00,10,120,27,46,3,heavy
07:00:00,10,102,39,47,1,heavy
07:15:00,10,145,23,27,0,heavy
07:30:00,10,114,37,21,5,heavy
07:45:00,10,108,18,22,1,normal
08:00:00,10,122,28,33,1,heavy
08:15:00,10,114,39,30,3,heavy
08:30:00,10,150,36,25,1,heavy
08:45:00,10,107,10,49,2,heavy
09:00:00,10,124,24,22,0,heavy
09:15:00,10,77,16,39,29,high
09:30:00,10,15,23,30,21,normal
09:45:00,10,32,22,38,21,high
10:00:00,10,68,13,29,24,high
10:15:00,10,27,16,36,30,normal
10:30:00,10,76,7,11,15,normal
10:45:00,10,41,23,20,17,normal
11:00:00,10,33,10,3,29,normal
11:15:00,10,58,8,14,29,normal
11:30:00,10,65,7,11,26,normal
11:45:00,10,47,9,6,29,normal
12:00:00,10,38,10,5,25,normal
12:15:00,10,57,8,12,29,normal
12:30:00,10,20,6,4,20,normal
12:45:00,10,24,9,14,23,normal
13:00:00,10,52,10,13,21,normal
13:15:00,10,79,15,36,18,high
13:30:00,10,84,24,22,18,normal
13:45:00,10,59,19,35,16,high
14:00:00,10,88,26,31,19,high
14:15:00,10,24,11,32,13,normal
14:30:00,10,110,17,23,20,heavy
14:45:00,10,29,26,5,6,low
15:00:00,10,43,26,11,20,normal
15:15:00,10,68,28,9,15,normal
15:30:00,10,108,16,8,18,normal
15:45:00,10,101,26,8,14,normal
16:00:00,10,141,31,36,6,heavy
16:15:00,10,120,25,28,5,heavy
16:30:00,10,137,23,44,5,heavy
16:45:00,10,124,11,30,7,heavy
17:00:00,10,145,25,49,7,heavy
17:15:00,10,122,37,23,8,heavy
17:30:00,10,136,30,20,9,heavy
17:45:00,10,145,18,40,9,heavy
18:00:00,10,138,34,28,5,heavy
18:15:00,10,123,10,29,8,heavy
18:30:00,10,105,15,21,9,normal
18:45:00,10,75,22,20,11,normal
19:00:00,10,90,12,10,13,normal
19:15:00,10,102,22,20,16,normal
19:30:00,10,61,18,15,27,high
19:45:00,10,70,8,14,6,low
20:00:00,10,80,17,12,34,high
20:15:00,10,62,12,14,19,normal
20:30:00,10,96,5,11,13,normal
20:45:00,10,102,6,12,13,normal
21:00:00,10,91,14,15,6,normal
21:15:00,10,95,8,17,13,normal
21:30:00,10,75,15,12,21,high
21:45:00,10,53,21,20,10,normal
22:00:00,10,13,1,0,19,normal
22:15:00,10,10,0,1,24,normal
22:30:00,10,16,2,0,33,normal
22:45:00,10,11,1,0,29,normal
23:00:00,10,18,2,1,13,normal
23:15:00,10,15,0,1,11,low
23:30:00,10,14,1,0,33,normal
23:45:00,10,17,2,0,22,normal
00:00:00,11,12,2,1,17,normal
00:15:00,11,18,0,0,29,normal
00:30:00,11,16,1,0,14,normal
00:45:00,11,20,0,0,14,normal
01:00:00,11,20,1,1,30,normal
01:15:00,11,15,0,1,23,normal
01:30:00,11,16,0,1,26,normal
01:45:00,11,18,4,0,11,low
02:00:00,11,17,3,1,36,normal
02:15:00,11,14,4,1,10,low
02:30:00,11,18,2,1,25,normal
02:45:00,11,12,2,0,19,normal
03:00:00,11,11,4,0,30,normal
03:15:00,11,19,1,1,36,normal
03:30:00,11,10,4,0,36,normal
03:45:00,11,20,1,1,32,normal
04:00:00,11,15,5,1,40,normal
04:15:00,11,104,6,5,1,normal
04:30:00,11,109,25,3,8,normal
04:45:00,11,82,23,8,20,normal
05:00:00,11,81,25,1,18,normal
05:15:00,11,95,16,10,1,normal
05:30:00,11,91,24,7,6,normal
05:45:00,11,81,30,10,0,normal
06:00:00,11,125,13,26,2,high
06:15:00,11,125,39,49,3,heavy
06:30:00,11,125,34,37,1,heavy
06:45:00,11,125,19,25,4,heavy
07:00:00,11,125,15,49,0,heavy
07:15:00,11,125,32,50,5,heavy
07:30:00,11,125,38,50,1,heavy
07:45:00,11,125,29,29,3,heavy
08:00:00,11,125,31,48,4,heavy
08:15:00,11,125,32,50,0,heavy
08:30:00,11,125,31,45,0,heavy
08:45:00,11,125,21,20,1,normal
09:00:00,11,125,28,36,0,heavy
09:15:00,11,39,10,37,16,normal
09:30:00,11,89,8,12,13,normal
09:45:00,11,51,16,16,13,normal
10:00:00,11,17,9,18,28,normal
10:15:00,11,48,25,36,21,high
10:30:00,11,93,7,30,16,high
10:45:00,11,55,15,36,15,high
11:00:00,11,51,10,8,22,normal
11:15:00,11,51,7,3,24,normal
11:30:00,11,51,9,7,30,normal
11:45:00,11,51,7,14,20,normal
12:00:00,11,51,10,14,20,normal
12:15:00,11,51,10,6,22,normal
12:30:00,11,51,8,11,22,normal
12:45:00,11,51,6,10,26,normal
13:00:00,11,51,7,7,27,normal
13:15:00,11,104,17,25,20,normal
13:30:00,11,6,28,27,14,normal
13:45:00,11,54,29,37,9,high
14:00:00,11,43,13,30,20,normal
14:15:00,11,60,21,26,11,high
14:30:00,11,101,23,8,20,normal
14:45:00,11,62,26,19,11,normal
15:00:00,11,39,24,13,11,low
15:15:00,11,90,20,35,7,high
15:30:00,11,109,30,22,20,heavy
15:45:00,11,68,26,25,20,normal
16:00:00,11,142,22,37,6,heavy
16:15:00,11,113,14,20,5,normal
16:30:00,11,142,13,37,8,heavy
16:45:00,11,108,23,26,9,high
17:00:00,11,122,29,30,7,heavy
17:15:00,11,133,12,30,7,heavy
17:30:00,11,118,23,38,10,heavy
17:45:00,11,121,35,26,8,heavy
18:00:00,11,116,23,20,8,normal
18:15:00,11,132,12,27,8,heavy
18:30:00,11,144,17,33,7,heavy
18:45:00,11,103,21,11,11,normal
19:00:00,11,107,15,10,15,normal
19:15:00,11,50,10,10,17,normal
19:30:00,11,108,15,10,6,normal
19:45:00,11,108,24,15,29,heavy
20:00:00,11,101,6,15,13,normal
20:15:00,11,55,17,12,19,normal
20:30:00,11,77,7,20,16,normal
20:45:00,11,91,12,19,8,normal
21:00:00,11,95,25,17,29,high
21:15:00,11,78,17,17,27,high
21:30:00,11,98,16,16,21,high
21:45:00,11,86,13,11,35,high
22:00:00,11,18,4,0,16,normal
22:15:00,11,18,5,0,12,low
22:30:00,11,18,2,1,25,normal
22:45:00,11,18,1,0,17,normal
23:00:00,11,18,5,0,21,normal
23:15:00,11,18,0,1,12,low
23:30:00,11,18,3,1,28,normal
23:45:00,11,18,4,1,40,normal
00:00:00,12,18,1,1,39,normal
00:15:00,12,18,4,0,30,normal
00:30:00,12,18,5,1,13,normal
00:45:00,12,18,2,0,37,normal
01:00:00,12,18,0,0,13,normal
01:15:00,12,18,5,0,11,low
01:30:00,12,18,5,1,12,low
01:45:00,12,18,1,1,16,normal
02:00:00,12,18,1,1,34,normal
02:15:00,12,18,1,0,24,normal
02:30:00,12,18,0,0,23,normal
02:45:00,12,18,0,0,27,normal
03:00:00,12,18,5,0,28,normal
03:15:00,12,18,1,0,14,normal
03:30:00,12,18,5,0,25,normal
03:45:00,12,18,4,1,30,normal
04:00:00,12,18,5,1,30,normal
04:15:00,12,62,24,7,2,low
04:30:00,12,51,23,6,1,low
04:45:00,12,114,23,10,19,normal
05:00:00,12,85,22,9,9,normal
05:15:00,12,102,24,4,20,normal
05:30:00,12,101,18,3,17,normal
05:45:00,12,116,19,0,17,normal
06:00:00,12,117,38,50,5,heavy
06:15:00,12,114,32,34,2,heavy
06:30:00,12,120,17,23,1,normal
06:45:00,12,145,20,25,2,heavy
07:00:00,12,125,30,48,1,heavy
07:15:00,12,103,27,45,1,heavy
07:30:00,12,114,20,43,1,heavy
07:45:00,12,145,10,44,1,heavy
08:00:00,12,147,31,20,4,heavy
08:15:00,12,104,24,40,0,heavy
08:30:00,12,124,11,22,0,normal
08:45:00,12,101,37,31,4,heavy
09:00:00,12,144,30,37,1,heavy
09:15:00,12,24,18,37,18,normal
09:30:00,12,24,8,17,25,normal
09:45:00,12,16,22,12,20,normal
10:00:00,12,26,2,39,26,normal
10:15:00,12,90,7,18,15,normal
10:30:00,12,59,6,11,11,low
10:45:00,12,28,7,22,18,normal
11:00:00,12,60,5,14,21,normal
11:15:00,12,69,9,8,23,normal
11:30:00,12,59,9,12,26,normal
11:45:00,12,24,10,5,21,normal
12:00:00,12,41,7,7,21,normal
12:15:00,12,48,10,9,29,normal
12:30:00,12,59,10,14,23,normal
12:45:00,12,67,7,12,28,high
13:00:00,12,52,9,8,20,normal
13:15:00,12,45,26,29,10,normal
13:30:00,12,14,21,7,18,normal
13:45:00,12,55,22,24,10,normal
14:00:00,12,45,14,39,5,normal
14:15:00,12,90,17,16,11,normal
14:30:00,12,33,21,25,5,normal
14:45:00,12,118,25,31,13,heavy
15:00:00,12,86,28,13,5,normal
15:15:00,12,105,29,22,12,heavy
15:30:00,12,10,19,26,8,normal
15:45:00,12,46,22,18,9,normal
16:00:00,12,105,35,48,6,heavy
16:15:00,12,135,37,34,5,heavy
16:30:00,12,103,29,44,6,heavy
16:45:00,12,113,13,42,10,heavy
17:00:00,12,103,20,27,9,high
17:15:00,12,150,13,20,9,heavy
17:30:00,12,116,25,33,8,heavy
17:45:00,12,109,16,41,9,heavy
18:00:00,12,112,11,50,5,heavy
18:15:00,12,104,31,30,5,heavy
18:30:00,12,146,18,40,6,heavy
18:45:00,12,110,24,10,29,heavy
19:00:00,12,60,15,12,25,high
19:15:00,12,103,9,14,29,high
19:30:00,12,102,6,15,6,normal
19:45:00,12,51,17,16,8,normal
20:00:00,12,62,12,11,18,normal
20:15:00,12,103,14,12,5,normal
20:30:00,12,50,7,11,23,normal
20:45:00,12,80,14,20,6,normal
21:00:00,12,98,13,18,21,high
21:15:00,12,53,25,20,13,normal
21:30:00,12,52,8,10,27,normal
21:45:00,12,71,23,13,21,high
22:00:00,12,17,3,0,29,normal
22:15:00,12,20,5,1,36,normal
22:30:00,12,15,0,0,32,normal
22:45:00,12,15,0,1,20,normal
23:00:00,12,14,2,0,23,normal
23:15:00,12,13,1,0,29,normal
23:30:00,12,14,5,0,31,normal
23:45:00,12,16,3,0,33,normal
00:00:00,13,18,4,1,15,normal
00:15:00,13,20,0,1,23,normal
00:30:00,13,19,3,0,16,normal
00:45:00,13,10,3,0,12,low
01:00:00,13,10,4,0,23,normal
01:15:00,13,12,5,0,29,normal
01:30:00,13,10,0,0,39,normal
01:45:00,13,16,2,1,21,normal
02:00:00,13,18,4,1,36,normal
02:15:00,13,15,1,0,14,normal
02:30:00,13,17,4,0,13,normal
02:45:00,13,18,3,1,24,normal
03:00:00,13,19,2,0,11,low
03:15:00,13,19,3,0,21,normal
03:30:00,13,19,3,1,31,normal
03:45:00,13,14,2,1,19,normal
04:00:00,13,11,0,0,27,normal
04:15:00,13,27,6,1,11,low
04:30:00,13,33,11,6,13,normal
04:45:00,13,63,6,7,10,low
05:00:00,13,58,13,4,15,normal
05:15:00,13,57,11,7,10,low
05:30:00,13,63,10,6,12,low
05:45:00,13,74,9,0,15,normal
06:00:00,13,71,9,7,10,low
06:15:00,13,33,9,6,13,normal
06:30:00,13,29,6,1,12,low
06:45:00,13,32,9,3,11,low
07:00:00,13,57,14,3,11,low
07:15:00,13,31,11,0,14,normal
07:30:00,13,30,9,3,10,low
07:45:00,13,61,8,7,12,low
08:00:00,13,47,10,4,10,low
08:15:00,13,80,16,4,15,normal
08:30:00,13,49,10,2,10,low
08:45:00,13,58,7,5,13,normal
09:00:00,13,53,19,1,10,low
09:15:00,13,132,47,25,0,heavy
09:30:00,13,131,52,15,0,heavy
09:45:00,13,171,59,27,3,heavy
10:00:00,13,131,43,20,3,heavy
10:15:00,13,177,56,12,4,heavy
10:30:00,13,160,47,30,3,heavy
10:45:00,13,178,68,28,4,heavy
11:00:00,13,169,70,20,3,heavy
11:15:00,13,133,56,25,2,heavy
11:30:00,13,151,52,13,0,heavy
11:45:00,13,179,46,27,3,heavy
12:00:00,13,144,68,20,0,heavy
12:15:00,13,162,46,19,2,heavy
12:30:00,13,159,44,23,2,heavy
12:45:00,13,174,67,30,1,heavy
13:00:00,13,136,57,29,4,heavy
13:15:00,13,156,42,12,3,heavy
13:30:00,13,175,63,19,3,heavy
13:45:00,13,172,62,20,2,heavy
14:00:00,13,171,49,15,0,heavy
14:15:00,13,172,65,18,2,heavy
14:30:00,13,176,50,13,1,heavy
14:45:00,13,153,50,23,3,heavy
15:00:00,13,148,64,27,0,heavy
15:15:00,13,56,28,6,2,low
15:30:00,13,88,26,25,0,normal
15:45:00,13,82,23,14,0,normal
16:00:00,13,77,20,7,0,low
16:15:00,13,66,24,1,0,low
16:30:00,13,72,22,8,2,low
16:45:00,13,62,28,21,2,normal
17:00:00,13,66,26,4,1,low
17:15:00,13,85,20,4,0,low
17:30:00,13,87,24,11,2,normal
17:45:00,13,67,28,25,0,normal
18:00:00,13,70,26,16,2,normal
18:15:00,13,62,20,20,1,normal
18:30:00,13,67,29,1,0,low
18:45:00,13,65,25,1,1,low
19:00:00,13,76,24,23,0,normal
19:15:00,13,42,1,5,11,low
19:30:00,13,42,10,3,1,low
19:45:00,13,31,11,1,12,low
20:00:00,13,47,7,3,6,low
20:15:00,13,28,7,2,4,low
20:30:00,13,22,3,6,1,low
20:45:00,13,29,1,7,5,low
21:00:00,13,43,9,1,11,low
21:15:00,13,23,3,3,8,low
21:30:00,13,21,2,5,15,normal
21:45:00,13,31,2,1,9,low
22:00:00,13,15,5,0,18,normal
22:15:00,13,11,2,0,15,normal
22:30:00,13,12,0,1,17,normal
22:45:00,13,18,3,0,18,normal
23:00:00,13,19,1,0,31,normal
23:15:00,13,17,0,0,22,normal
23:30:00,13,15,5,0,14,normal
23:45:00,13,15,1,1,24,normal
00:00:00,14,18,4,0,33,normal
00:15:00,14,14,4,0,34,normal
00:30:00,14,14,0,1,19,normal
00:45:00,14,19,3,0,36,normal
01:00:00,14,10,4,1,21,normal
01:15:00,14,19,1,0,19,normal
01:30:00,14,18,5,0,26,normal
01:45:00,14,17,1,1,25,normal
02:00:00,14,20,2,0,12,low
02:15:00,14,15,5,0,15,normal
02:30:00,14,11,4,0,14,normal
02:45:00,14,14,3,1,18,normal
03:00:00,14,13,2,0,39,normal
03:15:00,14,17,5,0,29,normal
03:30:00,14,13,5,0,31,normal
03:45:00,14,18,5,0,35,normal
04:00:00,14,15,4,0,16,normal
04:15:00,14,55,15,5,3,low
04:30:00,14,76,10,7,9,low
04:45:00,14,98,0,9,19,normal
05:00:00,14,98,12,6,6,normal
05:15:00,14,103,2,10,20,normal
05:30:00,14,93,17,8,12,normal
05:45:00,14,115,27,9,16,normal
06:00:00,14,120,12,22,3,normal
06:15:00,14,142,18,27,0,heavy
06:30:00,14,117,29,49,2,heavy
06:45:00,14,126,36,24,0,heavy
07:00:00,14,110,39,38,5,heavy
07:15:00,14,149,20,39,5,heavy
07:30:00,14,109,29,23,5,normal
07:45:00,14,124,34,24,4,heavy
08:00:00,14,149,35,32,1,heavy
08:15:00,14,125,32,38,4,heavy
08:30:00,14,101,23,38,1,high
08:45:00,14,137,36,30,0,heavy
09:00:00,14,139,15,21,3,heavy
09:15:00,14,19,3,29,9,normal
09:30:00,14,13,11,39,7,normal
09:45:00,14,31,2,29,27,normal
10:00:00,14,18,24,21,22,normal
10:15:00,14,26,12,14,13,normal
10:30:00,14,31,15,13,28,normal
10:45:00,14,12,22,8,11,low
11:00:00,14,54,5,13,23,normal
11:15:00,14,59,7,13,21,normal
11:30:00,14,58,8,6,23,normal
11:45:00,14,53,8,9,25,normal
12:00:00,14,54,7,7,20,normal
12:15:00,14,39,10,4,29,normal
12:30:00,14,38,9,8,22,normal
12:45:00,14,36,5,10,23,normal
13:00:00,14,68,6,12,24,normal
13:15:00,14,50,18,26,14,normal
13:30:00,14,120,28,22,20,heavy
13:45:00,14,60,14,28,9,normal
14:00:00,14,105,14,8,19,normal
14:15:00,14,89,27,18,8,normal
14:30:00,14,28,17,31,10,normal
14:45:00,14,79,14,23,6,normal
15:00:00,14,15,11,30,14,normal
15:15:00,14,77,27,23,18,normal
15:30:00,14,19,14,24,6,normal
15:45:00,14,79,13,28,7,high
16:00:00,14,114,10,22,9,normal
16:15:00,14,150,30,22,5,heavy
16:30:00,14,142,23,25,7,heavy
16:45:00,14,111,36,25,6,heavy
17:00:00,14,143,37,38,8,heavy
17:15:00,14,120,37,43,10,heavy
17:30:00,14,147,20,49,7,normal
17:45:00,14,140,22,27,5,heavy
18:00:00,14,128,37,20,9,heavy
18:15:00,14,114,23,42,10,heavy
18:30:00,14,117,20,22,9,heavy
18:45:00,14,93,24,17,23,high
19:00:00,14,65,15,15,8,low
19:15:00,14,100,22,14,8,normal
19:30:00,14,85,12,11,18,normal
19:45:00,14,56,7,12,12,low
20:00:00,14,50,12,15,18,normal
20:15:00,14,74,9,11,12,low
20:30:00,14,73,15,18,7,normal
20:45:00,14,99,13,20,30,high
21:00:00,14,110,14,17,8,normal
21:15:00,14,82,5,12,34,high
21:30:00,14,58,19,12,17,normal
21:45:00,14,70,10,14,32,high
22:00:00,14,10,1,0,33,normal
22:15:00,14,14,1,1,40,normal
22:30:00,14,17,1,1,17,normal
22:45:00,14,12,4,1,22,normal
23:00:00,14,15,0,0,16,normal
23:15:00,14,13,4,0,25,normal
23:30:00,14,14,5,1,12,low
23:45:00,14,18,1,1,35,normal
00:00:00,15,18,5,1,19,normal
00:15:00,15,19,3,0,38,normal
00:30:00,15,13,0,1,12,low
00:45:00,15,20,0,1,38,normal
01:00:00,15,20,1,1,24,normal
01:15:00,15,17,3,1,17,normal
01:30:00,15,12,3,1,35,normal
01:45:00,15,19,0,1,30,normal
02:00:00,15,19,2,1,30,normal
02:15:00,15,18,1,0,16,normal
02:30:00,15,11,0,0,31,normal
02:45:00,15,10,1,1,12,low
03:00:00,15,16,1,0,24,normal
03:15:00,15,18,3,0,28,normal
03:30:00,15,20,1,1,39,normal
03:45:00,15,19,3,1,27,normal
04:00:00,15,14,1,1,34,normal
04:15:00,15,61,26,1,16,normal
04:30:00,15,72,26,6,4,low
04:45:00,15,86,24,3,18,normal
05:00:00,15,75,1,8,10,low
05:15:00,15,75,1,7,9,low
05:30:00,15,93,5,4,1,low
05:45:00,15,111,6,2,5,normal
06:00:00,15,111,18,41,2,heavy
06:15:00,15,114,27,46,0,heavy
06:30:00,15,139,19,50,2,heavy
06:45:00,15,109,14,38,1,high
07:00:00,15,105,16,22,3,normal
07:15:00,15,150,13,31,4,heavy
07:30:00,15,122,13,47,3,heavy
07:45:00,15,114,24,46,2,heavy
08:00:00,15,119,36,41,0,heavy
08:15:00,15,108,35,39,0,heavy
08:30:00,15,113,18,28,1,high
08:45:00,15,118,36,37,0,heavy
09:00:00,15,113,35,48,3,heavy
09:15:00,15,66,7,22,30,high
09:30:00,15,64,12,27,8,normal
09:45:00,15,37,5,13,11,low
10:00:00,15,82,17,31,20,high
10:15:00,15,63,5,23,12,normal
10:30:00,15,20,12,16,24,normal
10:45:00,15,46,5,34,9,normal
11:00:00,15,35,9,8,29,normal
11:15:00,15,33,9,11,21,normal
11:30:00,15,32,9,10,30,normal
11:45:00,15,62,10,6,22,normal
12:00:00,15,62,10,11,22,normal
12:15:00,15,54,10,12,25,normal
12:30:00,15,48,8,15,23,normal
12:45:00,15,20,10,12,24,normal
13:00:00,15,35,10,5,30,normal
13:15:00,15,112,15,40,10,heavy
13:30:00,15,51,21,25,13,normal
13:45:00,15,53,12,23,8,normal
14:00:00,15,63,22,18,15,normal
14:15:00,15,50,23,16,8,normal
14:30:00,15,94,20,35,17,high
14:45:00,15,7,27,39,17,normal
15:00:00,15,109,18,13,6,normal
15:15:00,15,18,27,19,6,normal
15:30:00,15,21,30,5,5,low
15:45:00,15,49,16,9,12,low
16:00:00,15,129,28,40,6,heavy
16:15:00,15,141,18,28,8,heavy
16:30:00,15,131,14,43,7,heavy
16:45:00,15,105,38,23,5,heavy
17:00:00,15,125,35,37,5,heavy
17:15:00,15,127,36,42,9,heavy
17:30:00,15,129,22,25,9,heavy
17:45:00,15,121,39,47,8,heavy
18:00:00,15,138,29,42,9,heavy
18:15:00,15,119,26,21,5,heavy
18:30:00,15,138,17,48,8,heavy
18:45:00,15,72,12,14,32,high
19:00:00,15,92,23,20,30,high
19:15:00,15,94,17,11,24,high
19:30:00,15,102,25,12,24,high
19:45:00,15,71,23,17,14,normal
20:00:00,15,58,5,19,25,normal
20:15:00,15,93,22,18,10,normal
20:30:00,15,59,23,10,35,high
20:45:00,15,57,20,10,20,normal
21:00:00,15,96,9,18,25,high
21:15:00,15,104,12,16,20,normal
21:30:00,15,104,22,17,23,high
21:45:00,15,88,8,11,29,high
22:00:00,15,20,3,0,16,normal
22:15:00,15,17,2,1,30,normal
22:30:00,15,17,4,0,23,normal
22:45:00,15,15,5,0,21,normal
23:00:00,15,10,0,1,31,normal
23:15:00,15,11,1,1,19,normal
23:30:00,15,12,2,0,29,normal
23:45:00,15,11,0,1,11,low
00:00:00,16,18,4,1,28,normal
00:15:00,16,13,3,0,26,normal
00:30:00,16,16,3,0,34,normal
00:45:00,16,16,4,0,35,normal
01:00:00,16,20,2,1,33,normal
01:15:00,16,14,4,1,28,normal
01:30:00,16,11,4,1,19,normal
01:45:00,16,19,4,0,17,normal
02:00:00,16,18,3,1,26,normal
02:15:00,16,10,1,1,21,normal
02:30:00,16,20,5,1,40,normal
02:45:00,16,11,5,0,37,normal
03:00:00,16,15,4,1,29,normal
03:15:00,16,16,2,1,27,normal
03:30:00,16,10,3,1,23,normal
03:45:00,16,16,5,1,31,normal
04:00:00,16,20,0,1,30,normal
04:15:00,16,61,4,5,17,normal
04:30:00,16,91,8,6,2,low
04:45:00,16,94,4,5,2,low
05:00:00,16,117,8,6,16,normal
05:15:00,16,111,14,10,14,normal
05:30:00,16,91,2,3,5,low
05:45:00,16,96,9,1,16,normal
06:00:00,16,134,15,42,5,heavy
06:15:00,16,121,35,39,4,heavy
06:30:00,16,118,40,40,3,heavy
06:45:00,16,115,17,40,1,heavy
07:00:00,16,106,22,37,0,high
07:15:00,16,147,26,40,0,heavy
07:30:00,16,102,13,31,2,high
07:45:00,16,102,12,24,3,normal
08:00:00,16,130,40,31,2,heavy
08:15:00,16,102,17,33,0,high
08:30:00,16,105,13,48,5,heavy
08:45:00,16,129,24,25,0,heavy
09:00:00,16,117,11,45,0,heavy
09:15:00,16,74,14,23,21,high
09:30:00,16,80,14,35,18,high
09:45:00,16,31,7,34,24,normal
10:00:00,16,18,15,9,15,normal
10:15:00,16,15,10,23,20,normal
10:30:00,16,37,18,8,16,normal
10:45:00,16,10,7,5,14,normal
11:00:00,16,54,6,15,23,normal
11:15:00,16,34,7,5,24,normal
11:30:00,16,50,7,8,21,normal
11:45:00,16,44,9,10,24,normal
12:00:00,16,63,8,15,24,normal
12:15:00,16,56,6,6,29,normal
12:30:00,16,69,5,13,27,high
12:45:00,16,39,5,3,30,normal
13:00:00,16,61,10,14,24,normal
13:15:00,16,61,30,5,20,normal
13:30:00,16,20,17,9,5,low
13:45:00,16,70,22,38,7,high
14:00:00,16,25,30,31,9,normal
14:15:00,16,23,13,12,6,low
14:30:00,16,105,30,24,8,normal
14:45:00,16,107,10,6,6,normal
15:00:00,16,40,20,36,7,normal
15:15:00,16,74,18,37,11,high
15:30:00,16,62,15,8,11,low
15:45:00,16,81,20,14,12,normal
16:00:00,16,111,32,43,5,heavy
16:15:00,16,145,12,41,6,heavy
16:30:00,16,139,11,20,7,heavy
16:45:00,16,129,40,31,10,heavy
17:00:00,16,128,22,28,8,heavy
17:15:00,16,103,17,23,8,normal
17:30:00,16,127,32,29,7,heavy
17:45:00,16,120,35,44,8,heavy
18:00:00,16,106,11,41,7,high
18:15:00,16,114,40,31,5,heavy
18:30:00,16,101,13,20,7,normal
18:45:00,16,110,25,19,34,heavy
19:00:00,16,108,6,17,23,high
19:15:00,16,104,12,10,10,normal
19:30:00,16,102,22,17,23,high
19:45:00,16,77,19,16,8,normal
20:00:00,16,70,16,19,33,high
20:15:00,16,75,9,13,28,high
20:30:00,16,95,9,16,29,high
20:45:00,16,77,17,17,22,high
21:00:00,16,73,16,14,34,high
21:15:00,16,59,7,18,12,normal
21:30:00,16,54,20,10,9,low
21:45:00,16,90,6,18,32,high
22:00:00,16,15,5,1,32,normal
22:15:00,16,12,1,0,11,low
22:30:00,16,17,2,0,28,normal
22:45:00,16,13,5,1,12,low
23:00:00,16,15,5,0,21,normal
23:15:00,16,18,4,0,11,low
23:30:00,16,12,4,0,21,normal
23:45:00,16,10,4,1,12,low
00:00:00,17,15,2,0,25,normal
00:15:00,17,11,0,0,24,normal
00:30:00,17,15,2,1,15,normal
00:45:00,17,20,3,1,29,normal
01:00:00,17,17,2,0,24,normal
01:15:00,17,19,5,1,26,normal
01:30:00,17,20,3,1,32,normal
01:45:00,17,15,3,0,19,normal
02:00:00,17,13,5,0,17,normal
02:15:00,17,12,5,1,19,normal
02:30:00,17,10,2,0,27,normal
02:45:00,17,20,4,1,23,normal
03:00:00,17,14,0,0,16,normal
03:15:00,17,12,4,1,28,normal
03:30:00,17,19,2,0,20,normal
03:45:00,17,20,2,1,19,normal
04:00:00,17,16,0,0,36,normal
04:15:00,17,62,20,4,18,normal
04:30:00,17,50,13,2,14,normal
04:45:00,17,101,3,6,6,normal
05:00:00,17,94,15,2,9,normal
05:15:00,17,68,10,8,1,low
05:30:00,17,95,3,8,20,normal
05:45:00,17,113,7,10,16,normal
06:00:00,17,106,13,39,1,high
06:15:00,17,105,32,47,4,heavy
06:30:00,17,150,19,34,4,heavy
06:45:00,17,137,38,39,2,heavy
07:00:00,17,113,11,32,1,high
07:15:00,17,117,30,26,5,heavy
07:30:00,17,130,10,37,1,heavy
07:45:00,17,150,32,31,1,heavy
08:00:00,17,146,10,30,3,heavy
08:15:00,17,123,24,46,2,heavy
08:30:00,17,110,24,26,4,high
08:45:00,17,111,33,31,2,heavy
09:00:00,17,132,18,32,2,heavy
09:15:00,17,66,16,22,13,normal
09:30:00,17,45,24,5,23,normal
09:45:00,17,92,19,15,7,normal
10:00:00,17,78,22,16,25,high
10:15:00,17,90,2,15,18,normal
10:30:00,17,23,2,37,9,normal
10:45:00,17,17,5,6,20,normal
11:00:00,17,41,5,4,24,normal
11:15:00,17,32,5,15,26,normal
11:30:00,17,65,7,7,22,normal
11:45:00,17,22,6,3,25,normal
12:00:00,17,54,7,4,28,normal
12:15:00,17,38,5,8,28,normal
12:30:00,17,59,7,15,23,normal
12:45:00,17,34,8,10,23,normal
13:00:00,17,28,6,3,27,normal
13:15:00,17,7,16,11,14,normal
13:30:00,17,8,12,22,8,normal
13:45:00,17,42,25,38,18,high
14:00:00,17,82,13,28,5,high
14:15:00,17,14,24,26,9,normal
14:30:00,17,39,25,33,9,normal
14:45:00,17,47,14,29,6,normal
15:00:00,17,120,20,21,18,heavy
15:15:00,17,114,11,39,10,heavy
15:30:00,17,99,24,30,10,high
15:45:00,17,78,18,30,8,high
16:00:00,17,144,40,29,10,normal
16:15:00,17,107,28,38,9,heavy
16:30:00,17,123,28,24,10,heavy
16:45:00,17,126,15,28,6,heavy
17:00:00,17,147,28,23,5,heavy
17:15:00,17,100,21,33,7,high
17:30:00,17,113,12,22,6,normal
17:45:00,17,130,34,30,6,heavy
18:00:00,17,118,40,29,10,heavy
18:15:00,17,113,38,44,9,heavy
18:30:00,17,117,29,29,9,heavy
18:45:00,17,106,12,20,32,heavy
19:00:00,17,96,11,15,14,normal
19:15:00,17,58,11,14,24,normal
19:30:00,17,76,22,10,9,normal
19:45:00,17,66,6,12,33,high
20:00:00,17,61,23,13,18,normal
20:15:00,17,93,6,15,17,normal
20:30:00,17,51,11,16,26,normal
20:45:00,17,86,6,12,9,normal
21:00:00,17,77,15,12,29,high
21:15:00,17,84,15,16,8,normal
21:30:00,17,103,12,15,10,normal
21:45:00,17,60,9,11,27,normal
22:00:00,17,14,1,1,22,normal
22:15:00,17,14,2,0,35,normal
22:30:00,17,13,1,1,31,normal
22:45:00,17,19,0,1,22,normal
23:00:00,17,13,4,0,28,normal
23:15:00,17,13,1,0,26,normal
23:30:00,17,12,0,1,34,normal
23:45:00,17,20,1,1,38,normal
00:00:00,18,12,3,0,38,normal
00:15:00,18,12,1,0,40,normal
00:30:00,18,20,5,0,10,low
00:45:00,18,12,4,1,27,normal
01:00:00,18,15,5,0,21,normal
01:15:00,18,19,2,0,30,normal
01:30:00,18,11,0,1,40,normal
01:45:00,18,15,3,0,35,normal
02:00:00,18,15,0,1,37,normal
02:15:00,18,16,2,0,37,normal
02:30:00,18,10,0,1,24,normal
02:45:00,18,12,0,1,31,normal
03:00:00,18,15,1,1,36,normal
03:15:00,18,14,5,0,17,normal
03:30:00,18,17,3,1,38,normal
03:45:00,18,19,0,0,18,normal
04:00:00,18,18,5,1,30,normal
04:15:00,18,119,12,6,4,normal
04:30:00,18,74,28,1,13,normal
04:45:00,18,101,26,10,0,normal
05:00:00,18,99,4,7,19,normal
05:15:00,18,99,18,7,5,normal
05:30:00,18,102,24,2,8,normal
05:45:00,18,50,4,6,13,normal
06:00:00,18,128,11,46,4,heavy
06:15:00,18,129,39,43,0,heavy
06:30:00,18,129,27,38,0,heavy
06:45:00,18,113,24,22,2,normal
07:00:00,18,141,15,21,5,heavy
07:15:00,18,120,22,29,1,heavy
07:30:00,18,141,24,47,4,heavy
07:45:00,18,149,24,33,1,heavy
08:00:00,18,140,40,36,1,heavy
08:15:00,18,140,20,36,0,heavy
08:30:00,18,107,13,31,4,high
08:45:00,18,141,15,32,4,heavy
09:00:00,18,120,27,38,4,heavy
09:15:00,18,70,14,21,5,normal
09:30:00,18,55,24,16,21,high
09:45:00,18,52,18,22,16,normal
10:00:00,18,65,4,19,21,normal
10:15:00,18,54,10,30,28,high
10:30:00,18,37,3,32,18,normal
10:45:00,18,23,3,37,18,normal
11:00:00,18,43,7,7,29,normal
11:15:00,18,22,6,13,24,normal
11:30:00,18,21,10,6,30,normal
11:45:00,18,48,8,11,22,normal
12:00:00,18,35,5,12,20,normal
12:15:00,18,69,5,13,22,normal
12:30:00,18,22,9,10,21,normal
12:45:00,18,46,5,9,23,normal
13:00:00,18,49,5,11,21,normal
13:15:00,18,29,18,29,20,normal
13:30:00,18,96,23,31,14,high
13:45:00,18,100,27,23,16,normal
14:00:00,18,96,22,36,5,high
14:15:00,18,27,26,25,15,normal
14:30:00,18,114,21,32,5,heavy
14:45:00,18,74,27,34,10,high
15:00:00,18,14,16,9,14,normal
15:15:00,18,84,30,26,10,high
15:30:00,18,96,19,14,18,normal
15:45:00,18,40,15,28,5,normal
16:00:00,18,110,15,46,5,heavy
16:15:00,18,138,39,31,7,heavy
16:30:00,18,118,32,32,10,heavy
16:45:00,18,142,34,38,9,normal
17:00:00,18,113,13,36,5,normal
17:15:00,18,104,29,32,7,heavy
17:30:00,18,134,39,21,9,heavy
17:45:00,18,107,15,48,5,heavy
18:00:00,18,139,25,43,7,heavy
18:15:00,18,128,20,20,6,heavy
18:30:00,18,101,13,47,10,heavy
18:45:00,18,105,17,13,23,high
19:00:00,18,103,14,13,9,normal
19:15:00,18,51,23,15,13,normal
19:30:00,18,84,10,16,20,normal
19:45:00,18,97,25,19,24,high
20:00:00,18,98,8,10,19,normal
20:15:00,18,94,13,19,25,high
20:30:00,18,105,25,11,35,heavy
20:45:00,18,74,9,13,6,low
21:00:00,18,57,18,13,28,high
21:15:00,18,57,14,11,33,high
21:30:00,18,84,23,19,15,normal
21:45:00,18,105,14,16,33,heavy
22:00:00,18,10,4,1,38,normal
22:15:00,18,15,1,1,29,normal
22:30:00,18,14,1,1,25,normal
22:45:00,18,20,2,0,37,normal
23:00:00,18,20,1,0,27,normal
23:15:00,18,13,1,1,18,normal
23:30:00,18,19,0,0,35,normal
23:45:00,18,14,1,1,27,normal
00:00:00,19,13,5,0,12,low
00:15:00,19,18,5,0,12,low
00:30:00,19,10,3,1,32,normal
00:45:00,19,14,2,0,15,normal
01:00:00,19,16,3,0,15,normal
01:15:00,19,14,2,0,25,normal
01:30:00,19,17,5,0,18,normal
01:45:00,19,13,1,0,28,normal
02:00:00,19,19,0,1,20,normal
02:15:00,19,15,4,0,40,normal
02:30:00,19,14,3,1,26,normal
02:45:00,19,15,4,0,14,normal
03:00:00,19,12,3,1,13,normal
03:15:00,19,12,4,0,31,normal
03:30:00,19,17,4,1,20,normal
03:45:00,19,12,0,1,13,normal
04:00:00,19,18,2,0,16,normal
04:15:00,19,115,16,10,13,normal
04:30:00,19,117,5,10,15,normal
04:45:00,19,92,26,8,7,normal
05:00:00,19,88,3,6,4,low
05:15:00,19,109,11,4,3,normal
05:30:00,19,81,4,0,20,normal
05:45:00,19,118,2,5,19,normal
06:00:00,19,107,26,31,2,high
06:15:00,19,103,11,35,5,high
06:30:00,19,145,13,33,3,heavy
06:45:00,19,143,22,37,4,heavy
07:00:00,19,113,38,50,3,heavy
07:15:00,19,149,10,47,3,heavy
07:30:00,19,132,33,35,2,heavy
07:45:00,19,119,40,41,2,heavy
08:00:00,19,133,31,27,2,heavy
08:15:00,19,140,20,44,4,heavy
08:30:00,19,140,34,31,1,heavy
08:45:00,19,128,37,50,2,heavy
09:00:00,19,132,11,24,3,heavy
09:15:00,19,23,8,40,27,normal
09:30:00,19,75,2,18,29,high
09:45:00,19,99,14,33,14,high
10:00:00,19,10,1,13,7,low
10:15:00,19,74,21,29,26,high
10:30:00,19,29,15,25,5,normal
10:45:00,19,50,17,38,24,high
11:00:00,19,64,9,14,20,normal
11:15:00,19,49,5,10,21,normal
11:30:00,19,39,7,10,30,normal
11:45:00,19,68,5,5,24,normal
12:00:00,19,67,7,8,22,normal
12:15:00,19,47,8,3,25,normal
12:30:00,19,66,9,7,24,normal
12:45:00,19,46,8,3,22,normal
13:00:00,19,54,6,12,21,normal
13:15:00,19,18,16,32,18,normal
13:30:00,19,24,20,7,9,low
13:45:00,19,113,17,16,20,normal
14:00:00,19,52,13,15,10,low
14:15:00,19,58,26,25,18,normal
14:30:00,19,44,19,22,6,normal
14:45:00,19,8,26,34,9,normal
15:00:00,19,31,10,27,8,normal
15:15:00,19,115,24,16,5,normal
15:30:00,19,56,29,16,16,normal
15:45:00,19,7,12,33,12,normal
16:00:00,19,133,10,46,10,heavy
16:15:00,19,104,31,37,6,heavy
16:30:00,19,100,38,36,9,heavy
16:45:00,19,127,25,37,5,heavy
17:00:00,19,118,32,48,6,heavy
17:15:00,19,147,19,31,8,heavy
17:30:00,19,123,36,34,5,heavy
17:45:00,19,111,24,25,5,normal
18:00:00,19,121,16,42,8,heavy
18:15:00,19,119,38,47,7,heavy
18:30:00,19,132,30,41,6,heavy
18:45:00,19,52,6,12,18,normal
19:00:00,19,97,21,10,8,normal
19:15:00,19,50,16,20,31,high
19:30:00,19,94,25,19,8,normal
19:45:00,19,66,11,18,34,high
20:00:00,19,105,16,15,6,normal
20:15:00,19,56,23,10,18,normal
20:30:00,19,105,19,10,25,high
20:45:00,19,60,18,11,16,normal
21:00:00,19,88,10,14,11,normal
21:15:00,19,110,6,14,23,high
21:30:00,19,78,20,11,35,high
21:45:00,19,105,14,10,7,normal
22:00:00,19,18,1,0,10,low
22:15:00,19,18,1,0,27,normal
22:30:00,19,12,4,1,18,normal
22:45:00,19,15,4,1,32,normal
23:00:00,19,13,4,0,32,normal
23:15:00,19,14,4,0,15,normal
23:30:00,19,15,4,0,17,normal
23:45:00,19,14,0,1,21,normal
00:00:00,20,17,5,0,37,normal
00:15:00,20,14,4,1,12,low
00:30:00,20,16,2,0,15,normal
00:45:00,20,13,4,1,14,normal
01:00:00,20,12,4,0,29,normal
01:15:00,20,19,4,1,30,normal
01:30:00,20,18,4,0,18,normal
01:45:00,20,18,1,1,12,low
02:00:00,20,20,4,1,21,normal
02:15:00,20,10,2,1,20,normal
02:30:00,20,18,5,1,23,normal
02:45:00,20,16,5,1,30,normal
03:00:00,20,12,3,0,40,normal
03:15:00,20,12,2,0,40,normal
03:30:00,20,16,0,1,37,normal
03:45:00,20,15,4,1,16,normal
04:00:00,20,13,0,0,38,normal
04:15:00,20,61,5,3,14,normal
04:30:00,20,27,15,6,10,low
04:45:00,20,74,11,5,15,normal
05:00:00,20,70,6,7,14,normal
05:15:00,20,33,6,0,11,low
05:30:00,20,29,12,1,13,normal
05:45:00,20,69,5,7,10,low
06:00:00,20,41,16,7,15,normal
06:15:00,20,35,11,5,11,low
06:30:00,20,25,9,6,14,normal
06:45:00,20,65,15,1,11,low
07:00:00,20,66,6,3,14,normal
07:15:00,20,27,6,5,15,normal
07:30:00,20,75,6,1,10,low
07:45:00,20,54,11,4,12,low
08:00:00,20,54,18,3,12,low
08:15:00,20,69,8,0,14,normal
08:30:00,20,52,19,6,10,low
08:45:00,20,66,8,0,12,low
09:00:00,20,54,11,0,13,normal
09:15:00,20,151,48,15,3,heavy
09:30:00,20,170,62,18,2,heavy
09:45:00,20,134,59,11,3,heavy
10:00:00,20,166,63,22,1,heavy
10:15:00,20,173,64,10,2,heavy
10:30:00,20,176,45,22,2,heavy
10:45:00,20,162,59,27,1,heavy
11:00:00,20,171,46,15,3,heavy
11:15:00,20,158,44,26,2,heavy
11:30:00,20,151,64,16,0,heavy
11:45:00,20,162,65,14,3,heavy
12:00:00,20,179,44,23,1,heavy
12:15:00,20,175,59,11,3,heavy
12:30:00,20,173,63,13,2,heavy
12:45:00,20,144,66,11,3,heavy
13:00:00,20,132,68,22,4,heavy
13:15:00,20,161,50,10,0,heavy
13:30:00,20,151,56,29,1,heavy
13:45:00,20,168,59,24,1,heavy
14:00:00,20,144,65,20,3,heavy
14:15:00,20,179,63,12,2,heavy
14:30:00,20,161,56,12,4,heavy
14:45:00,20,134,67,12,1,heavy
15:00:00,20,140,70,23,4,heavy
15:15:00,20,66,29,24,1,normal
15:30:00,20,60,27,17,2,normal
15:45:00,20,89,27,10,2,normal
16:00:00,20,81,29,5,0,normal
16:15:00,20,78,22,12,1,normal
16:30:00,20,71,24,18,2,normal
16:45:00,20,50,26,9,1,low
17:00:00,20,55,28,5,0,low
17:15:00,20,61,20,25,1,normal
17:30:00,20,76,22,14,2,normal
17:45:00,20,50,20,23,1,normal
18:00:00,20,89,26,0,2,normal
18:15:00,20,62,20,17,0,normal
18:30:00,20,83,20,23,2,normal
18:45:00,20,65,20,2,0,low
19:00:00,20,60,21,2,1,low
19:15:00,20,36,8,3,9,low
19:30:00,20,39,5,4,11,low
19:45:00,20,26,8,3,0,low
20:00:00,20,23,4,0,5,low
20:15:00,20,50,2,0,4,low
20:30:00,20,30,2,3,1,low
20:45:00,20,48,10,4,2,low
21:00:00,20,39,6,6,1,low
21:15:00,20,47,10,3,9,low
21:30:00,20,26,3,5,3,low
21:45:00,20,25,6,3,9,low
22:00:00,20,19,1,0,11,low
22:15:00,20,16,5,0,26,normal
22:30:00,20,15,2,1,39,normal
22:45:00,20,14,5,0,11,low
23:00:00,20,12,2,0,20,normal
23:15:00,20,11,2,0,35,normal
23:30:00,20,18,5,1,11,low
23:45:00,20,17,2,0,20,normal
00:00:00,21,19,5,1,30,normal
00:15:00,21,17,4,1,24,normal
00:30:00,21,16,3,0,14,normal
00:45:00,21,16,3,1,23,normal
01:00:00,21,20,0,1,17,normal
01:15:00,21,20,0,0,37,normal
01:30:00,21,18,0,1,30,normal
01:45:00,21,19,1,0,14,normal
02:00:00,21,18,5,0,29,normal
02:15:00,21,11,1,0,22,normal
02:30:00,21,20,3,0,24,normal
02:45:00,21,12,2,1,10,low
03:00:00,21,19,5,1,31,normal
03:15:00,21,10,0,0,32,normal
03:30:00,21,14,1,1,12,low
03:45:00,21,14,2,1,24,normal
04:00:00,21,10,3,0,32,normal
04:15:00,21,97,23,6,17,normal
04:30:00,21,104,22,7,11,normal
04:45:00,21,100,15,8,20,normal
05:00:00,21,87,7,7,4,low
05:15:00,21,77,27,8,10,normal
05:30:00,21,51,7,4,5,low
05:45:00,21,79,1,10,6,low
06:00:00,21,100,40,29,5,heavy
06:15:00,21,112,13,39,0,high
06:30:00,21,120,16,34,2,heavy
06:45:00,21,123,14,26,3,high
07:00:00,21,142,27,27,4,heavy
07:15:00,21,139,38,49,2,heavy
07:30:00,21,134,24,21,2,heavy
07:45:00,21,102,13,31,0,high
08:00:00,21,102,16,43,4,high
08:15:00,21,106,16,32,1,high
08:30:00,21,117,19,42,3,heavy
08:45:00,21,139,36,40,3,heavy
09:00:00,21,121,13,25,2,normal
09:15:00,21,65,19,16,11,normal
09:30:00,21,12,25,39,28,normal
09:45:00,21,98,21,10,5,normal
10:00:00,21,58,9,25,13,normal
10:15:00,21,81,10,39,29,high
10:30:00,21,67,20,33,29,high
10:45:00,21,68,22,25,16,normal
11:00:00,21,47,10,6,22,normal
11:15:00,21,45,7,10,27,normal
11:30:00,21,54,5,11,24,normal
11:45:00,21,61,7,15,28,normal
12:00:00,21,56,5,4,29,normal
12:15:00,21,23,5,4,27,normal
12:30:00,21,31,6,8,23,normal
12:45:00,21,27,7,14,28,normal
13:00:00,21,30,7,3,30,normal
13:15:00,21,114,21,5,14,normal
13:30:00,21,46,24,35,16,high
13:45:00,21,68,29,29,20,high
14:00:00,21,45,16,15,5,low
14:15:00,21,86,13,11,20,normal
14:30:00,21,44,11,19,15,normal
14:45:00,21,45,17,13,20,normal
15:00:00,21,106,17,7,12,normal
15:15:00,21,44,16,9,13,normal
15:30:00,21,77,23,13,9,normal
15:45:00,21,53,17,26,8,normal
16:00:00,21,138,18,20,8,heavy
16:15:00,21,142,24,39,9,heavy
16:30:00,21,114,25,21,7,normal
16:45:00,21,116,35,42,6,heavy
17:00:00,21,149,22,37,8,heavy
17:15:00,21,100,12,39,7,high
17:30:00,21,101,23,45,5,heavy
17:45:00,21,122,40,48,10,heavy
18:00:00,21,112,34,39,9,heavy
18:15:00,21,112,12,41,5,heavy
18:30:00,21,116,22,23,7,heavy
18:45:00,21,90,13,15,33,high
19:00:00,21,85,14,14,13,normal
19:15:00,21,59,25,13,27,high
19:30:00,21,108,5,15,22,high
19:45:00,21,75,8,16,25,high
20:00:00,21,96,15,12,27,high
20:15:00,21,61,17,10,8,low
20:30:00,21,84,25,20,30,high
20:45:00,21,55,9,12,19,normal
21:00:00,21,65,16,12,32,high
21:15:00,21,87,16,10,16,normal
21:30:00,21,75,5,12,21,high
21:45:00,21,82,16,14,34,high
22:00:00,21,11,3,0,34,normal
22:15:00,21,15,5,0,14,normal
22:30:00,21,18,5,1,13,normal
22:45:00,21,19,2,1,34,normal
23:00:00,21,20,4,1,26,normal
23:15:00,21,14,4,0,10,low
23:30:00,21,11,1,1,36,normal
23:45:00,21,10,2,1,15,normal
00:00:00,22,10,3,0,33,normal
00:15:00,22,14,3,0,23,normal
00:30:00,22,11,5,1,11,low
00:45:00,22,10,1,1,34,normal
01:00:00,22,20,4,1,17,normal
01:15:00,22,17,5,0,24,normal
01:30:00,22,12,2,1,18,normal
01:45:00,22,15,0,1,16,normal
02:00:00,22,19,5,0,15,normal
02:15:00,22,11,3,1,39,normal
02:30:00,22,14,5,0,10,low
02:45:00,22,20,0,1,33,normal
03:00:00,22,13,1,1,33,normal
03:15:00,22,18,2,1,12,low
03:30:00,22,19,2,1,23,normal
03:45:00,22,10,4,0,36,normal
04:00:00,22,13,4,0,17,normal
04:15:00,22,86,28,2,18,normal
04:30:00,22,59,29,9,14,normal
04:45:00,22,102,20,9,13,normal
05:00:00,22,114,28,8,16,normal
05:15:00,22,87,23,5,0,normal
05:30:00,22,88,5,8,13,normal
05:45:00,22,83,6,4,9,low
06:00:00,22,150,19,24,3,heavy
06:15:00,22,148,35,46,1,heavy
06:30:00,22,146,23,23,4,heavy
06:45:00,22,140,21,39,3,heavy
07:00:00,22,149,36,35,1,heavy
07:15:00,22,125,34,42,0,heavy
07:30:00,22,147,34,20,5,heavy
07:45:00,22,128,33,21,4,heavy
08:00:00,22,111,38,50,5,heavy
08:15:00,22,144,20,32,4,heavy
08:30:00,22,121,14,23,1,normal
08:45:00,22,136,36,40,4,heavy
09:00:00,22,114,21,23,1,normal
09:15:00,22,75,17,37,29,high
09:30:00,22,34,5,27,22,normal
09:45:00,22,45,6,7,15,normal
10:00:00,22,65,10,6,27,normal
10:15:00,22,67,25,20,18,normal
10:30:00,22,50,25,25,28,high
10:45:00,22,37,19,38,12,normal
11:00:00,22,36,8,3,29,normal
11:15:00,22,63,5,8,23,normal
11:30:00,22,67,5,7,22,normal
11:45:00,22,36,9,14,22,normal
12:00:00,22,57,8,10,22,normal
12:15:00,22,65,7,14,25,normal
12:30:00,22,54,10,3,29,normal
12:45:00,22,41,5,4,25,normal
13:00:00,22,43,9,3,25,normal
13:15:00,22,9,27,32,17,normal
13:30:00,22,101,28,18,20,normal
13:45:00,22,99,16,16,18,normal
14:00:00,22,20,27,32,12,normal
14:15:00,22,96,16,39,17,heavy
14:30:00,22,62,28,18,20,normal
14:45:00,22,58,27,17,5,normal
15:00:00,22,60,18,28,12,high
15:15:00,22,81,26,13,17,normal
15:30:00,22,118,15,27,13,heavy
15:45:00,22,53,12,25,20,normal
16:00:00,22,132,12,27,9,heavy
16:15:00,22,149,14,50,5,heavy
16:30:00,22,106,35,41,5,heavy
16:45:00,22,150,29,27,7,heavy
17:00:00,22,110,30,46,5,heavy
17:15:00,22,129,35,34,5,heavy
17:30:00,22,133,21,26,5,heavy
17:45:00,22,148,34,45,7,heavy
18:00:00,22,144,39,43,8,heavy
18:15:00,22,126,27,44,8,heavy
18:30:00,22,103,34,49,5,heavy
18:45:00,22,96,7,13,30,high
19:00:00,22,54,17,17,19,normal
19:15:00,22,98,16,17,15,normal
19:30:00,22,72,6,19,8,normal
19:45:00,22,69,23,12,31,high
20:00:00,22,85,13,16,24,high
20:15:00,22,102,22,12,9,normal
20:30:00,22,103,14,20,14,normal
20:45:00,22,80,12,10,22,high
21:00:00,22,63,18,11,5,low
21:15:00,22,84,21,13,9,normal
21:30:00,22,72,10,10,29,high
21:45:00,22,79,22,17,13,normal
22:00:00,22,12,5,0,27,normal
22:15:00,22,19,1,1,38,normal
22:30:00,22,14,3,0,33,normal
22:45:00,22,16,3,1,37,normal
23:00:00,22,14,5,0,37,normal
23:15:00,22,11,2,1,20,normal
23:30:00,22,20,3,0,25,normal
23:45:00,22,20,0,1,30,normal
00:00:00,23,13,2,1,17,normal
00:15:00,23,20,1,1,19,normal
00:30:00,23,10,2,1,12,low
00:45:00,23,14,2,0,25,normal
01:00:00,23,12,0,1,16,normal
01:15:00,23,11,5,1,31,normal
01:30:00,23,13,1,1,16,normal
01:45:00,23,17,3,0,10,low
02:00:00,23,11,1,0,22,normal
02:15:00,23,10,4,1,16,normal
02:30:00,23,15,3,1,32,normal
02:45:00,23,10,0,0,22,normal
03:00:00,23,20,1,1,16,normal
03:15:00,23,16,1,1,15,normal
03:30:00,23,14,4,1,32,normal
03:45:00,23,16,1,1,37,normal
04:00:00,23,10,2,1,36,normal
04:15:00,23,96,18,7,2,normal
04:30:00,23,51,14,0,5,low
04:45:00,23,63,25,2,8,low
05:00:00,23,72,7,1,4,low
05:15:00,23,86,18,6,1,low
05:30:00,23,105,4,4,20,normal
05:45:00,23,117,10,10,18,normal
06:00:00,23,120,36,32,0,heavy
06:15:00,23,135,20,31,0,heavy
06:30:00,23,112,40,42,3,heavy
06:45:00,23,135,13,20,3,heavy
07:00:00,23,105,35,24,2,normal
07:15:00,23,150,25,36,0,heavy
07:30:00,23,108,27,23,2,normal
07:45:00,23,108,40,45,1,heavy
08:00:00,23,118,19,21,1,normal
08:15:00,23,131,18,41,1,heavy
08:30:00,23,148,31,20,4,heavy
08:45:00,23,120,26,22,1,heavy
09:00:00,23,147,12,32,0,heavy
09:15:00,23,73,9,35,12,high
09:30:00,23,93,21,22,29,high
09:45:00,23,66,2,10,28,normal
10:00:00,23,18,6,6,6,low
10:15:00,23,78,1,16,30,high
10:30:00,23,69,15,24,20,normal
10:45:00,23,82,2,40,17,high
11:00:00,23,57,9,5,23,normal
11:15:00,23,25,5,14,26,normal
11:30:00,23,40,9,15,28,normal
11:45:00,23,52,6,13,21,normal
12:00:00,23,45,8,13,29,normal
12:15:00,23,67,10,7,25,normal
12:30:00,23,20,8,14,30,normal
12:45:00,23,44,8,4,29,normal
13:00:00,23,63,5,8,29,normal
13:15:00,23,119,15,20,13,normal
13:30:00,23,103,10,23,7,normal
13:45:00,23,42,14,15,14,normal
14:00:00,23,67,20,24,12,normal
14:15:00,23,56,18,29,17,high
14:30:00,23,65,16,32,15,high
14:45:00,23,107,11,26,19,high
15:00:00,23,11,18,22,10,normal
15:15:00,23,28,15,27,12,normal
15:30:00,23,45,17,7,6,low
15:45:00,23,66,12,27,6,normal
16:00:00,23,104,40,22,9,heavy
16:15:00,23,113,21,26,5,high
16:30:00,23,120,29,37,6,heavy
16:45:00,23,129,10,39,6,heavy
17:00:00,23,119,29,40,10,heavy
17:15:00,23,119,25,32,9,heavy
17:30:00,23,123,10,30,7,heavy
17:45:00,23,111,33,28,5,heavy
18:00:00,23,110,12,47,8,heavy
18:15:00,23,139,15,43,9,heavy
18:30:00,23,132,29,25,7,heavy
18:45:00,23,51,8,18,18,normal
19:00:00,23,76,5,14,20,normal
19:15:00,23,53,15,13,23,normal
19:30:00,23,50,25,19,9,normal
19:45:00,23,86,24,20,34,high
20:00:00,23,67,23,14,13,normal
20:15:00,23,54,9,15,7,low
20:30:00,23,59,12,16,35,high
20:45:00,23,109,25,15,5,normal
21:00:00,23,73,18,10,35,high
21:15:00,23,65,24,14,19,normal
21:30:00,23,94,10,11,22,high
21:45:00,23,106,9,12,31,high
22:00:00,23,18,3,0,11,low
22:15:00,23,17,1,1,36,normal
22:30:00,23,12,0,0,22,normal
22:45:00,23,11,1,0,19,normal
23:00:00,23,16,1,0,32,normal
23:15:00,23,12,3,1,13,normal
23:30:00,23,14,4,1,27,normal
23:45:00,23,11,3,1,37,normal
00:00:00,24,17,2,0,18,normal
00:15:00,24,18,4,1,39,normal
00:30:00,24,20,4,0,32,normal
00:45:00,24,15,0,0,28,normal
01:00:00,24,11,4,0,12,low
01:15:00,24,19,5,1,35,normal
01:30:00,24,15,0,1,26,normal
01:45:00,24,11,4,0,31,normal
02:00:00,24,19,2,1,33,normal
02:15:00,24,12,4,1,29,normal
02:30:00,24,15,5,1,16,normal
02:45:00,24,14,4,1,21,normal
03:00:00,24,19,4,1,17,normal
03:15:00,24,10,2,1,12,low
03:30:00,24,10,0,0,11,low
03:45:00,24,20,4,1,33,normal
04:00:00,24,10,1,0,12,low
04:15:00,24,73,12,5,5,low
04:30:00,24,95,15,4,19,normal
04:45:00,24,81,19,3,13,normal
05:00:00,24,119,25,10,9,normal
05:15:00,24,80,10,4,15,normal
05:30:00,24,102,24,3,16,normal
05:45:00,24,68,17,6,10,low
06:00:00,24,109,40,38,0,heavy
06:15:00,24,124,25,31,1,heavy
06:30:00,24,126,22,21,1,heavy
06:45:00,24,120,31,29,5,heavy
07:00:00,24,101,20,47,5,heavy
07:15:00,24,139,40,48,2,heavy
07:30:00,24,116,23,23,4,normal
07:45:00,24,101,14,24,0,normal
08:00:00,24,137,40,21,5,heavy
08:15:00,24,131,26,36,0,heavy
08:30:00,24,114,27,45,4,heavy
08:45:00,24,102,14,46,1,high
09:00:00,24,116,24,32,5,heavy
09:15:00,24,29,10,21,12,normal
09:30:00,24,41,12,15,10,low
09:45:00,24,41,9,7,27,normal
10:00:00,24,90,25,26,10,high
10:15:00,24,64,25,17,20,normal
10:30:00,24,64,10,17,23,high
10:45:00,24,69,17,5,28,high
11:00:00,24,59,9,9,21,normal
11:15:00,24,44,10,12,29,normal
11:30:00,24,43,5,6,26,normal
11:45:00,24,65,7,10,21,normal
12:00:00,24,29,5,12,21,normal
12:15:00,24,24,9,8,20,normal
12:30:00,24,44,6,4,26,normal
12:45:00,24,35,10,12,24,normal
13:00:00,24,43,10,15,21,normal
13:15:00,24,45,17,24,11,normal
13:30:00,24,108,21,37,14,heavy
13:45:00,24,53,19,33,9,high
14:00:00,24,75,23,31,13,high
14:15:00,24,70,18,5,19,normal
14:30:00,24,52,25,15,19,normal
14:45:00,24,9,18,24,9,normal
15:00:00,24,47,21,9,18,normal
15:15:00,24,116,20,17,19,heavy
15:30:00,24,65,14,6,9,low
15:45:00,24,93,12,13,13,normal
16:00:00,24,100,21,45,9,heavy
16:15:00,24,121,24,31,6,heavy
16:30:00,24,110,15,50,5,heavy
16:45:00,24,103,17,28,5,high
17:00:00,24,136,38,20,5,heavy
17:15:00,24,119,22,32,9,heavy
17:30:00,24,132,17,36,5,heavy
17:45:00,24,147,10,41,5,heavy
18:00:00,24,111,12,44,6,heavy
18:15:00,24,102,27,32,5,high
18:30:00,24,137,25,29,7,heavy
18:45:00,24,71,17,15,31,high
19:00:00,24,64,25,11,15,normal
19:15:00,24,70,16,15,29,high
19:30:00,24,91,9,11,32,high
19:45:00,24,95,6,11,35,high
20:00:00,24,76,16,10,31,high
20:15:00,24,87,17,18,7,normal
20:30:00,24,63,22,12,29,high
20:45:00,24,56,17,20,8,normal
21:00:00,24,102,18,19,29,heavy
21:15:00,24,60,23,10,13,normal
21:30:00,24,88,6,18,25,high
21:45:00,24,104,15,10,32,high
22:00:00,24,16,1,1,26,normal
22:15:00,24,12,1,0,12,low
22:30:00,24,16,1,0,29,normal
22:45:00,24,13,5,0,31,normal
23:00:00,24,20,1,1,27,normal
23:15:00,24,18,0,0,29,normal
23:30:00,24,16,3,1,26,normal
23:45:00,24,18,0,0,21,normal
00:00:00,25,11,5,0,24,normal
00:15:00,25,13,1,0,10,low
00:30:00,25,10,1,0,26,normal
00:45:00,25,19,5,1,22,normal
01:00:00,25,20,0,0,10,low
01:15:00,25,16,4,1,39,normal
01:30:00,25,19,1,1,11,low
01:45:00,25,20,4,0,38,normal
02:00:00,25,15,1,1,15,normal
02:15:00,25,10,0,0,33,normal
02:30:00,25,20,5,0,24,normal
02:45:00,25,12,2,1,35,normal
03:00:00,25,10,4,1,37,normal
03:15:00,25,15,4,0,38,normal
03:30:00,25,19,0,1,39,normal
03:45:00,25,16,4,0,35,normal
04:00:00,25,20,3,1,35,normal
04:15:00,25,118,1,0,4,normal
04:30:00,25,89,20,4,17,normal
04:45:00,25,120,18,6,13,normal
05:00:00,25,85,7,3,18,normal
05:15:00,25,99,8,2,14,normal
05:30:00,25,59,25,2,7,low
05:45:00,25,58,25,2,5,low
06:00:00,25,113,40,36,4,heavy
06:15:00,25,113,16,50,2,heavy
06:30:00,25,121,27,50,4,heavy
06:45:00,25,150,17,28,0,heavy
07:00:00,25,136,29,23,0,heavy
07:15:00,25,142,32,27,2,heavy
07:30:00,25,106,32,42,2,heavy
07:45:00,25,103,21,20,0,normal
08:00:00,25,131,19,26,1,heavy
08:15:00,25,133,23,21,3,heavy
08:30:00,25,123,17,50,1,heavy
08:45:00,25,124,21,35,2,heavy
09:00:00,25,136,26,20,4,heavy
09:15:00,25,92,10,39,19,high
09:30:00,25,82,7,13,19,normal
09:45:00,25,42,2,28,27,normal
10:00:00,25,24,17,17,9,normal
10:15:00,25,42,19,17,12,normal
10:30:00,25,100,12,5,23,high
10:45:00,25,11,25,30,22,normal
11:00:00,25,27,7,10,22,normal
11:15:00,25,38,7,11,20,normal
11:30:00,25,49,10,6,27,normal
11:45:00,25,66,9,7,28,normal
12:00:00,25,70,8,3,22,normal
12:15:00,25,58,7,6,27,normal
12:30:00,25,53,9,13,29,normal
12:45:00,25,22,5,6,26,normal
13:00:00,25,40,10,11,28,normal
13:15:00,25,58,13,10,12,low
13:30:00,25,60,25,24,17,normal
13:45:00,25,25,11,24,17,normal
14:00:00,25,22,28,11,18,normal
14:15:00,25,6,11,37,15,normal
14:30:00,25,92,18,34,18,high
14:45:00,25,97,17,38,20,heavy
15:00:00,25,92,18,31,6,high
15:15:00,25,74,12,17,16,normal
15:30:00,25,67,22,7,5,low
15:45:00,25,84,20,25,15,normal
16:00:00,25,144,15,42,8,heavy
16:15:00,25,120,11,47,7,heavy
16:30:00,25,108,10,36,6,high
16:45:00,25,141,13,50,6,heavy
17:00:00,25,121,37,29,8,heavy
17:15:00,25,142,40,22,6,heavy
17:30:00,25,137,23,28,7,heavy
17:45:00,25,117,10,27,8,high
18:00:00,25,100,16,37,7,high
18:15:00,25,148,11,42,8,heavy
18:30:00,25,148,27,39,6,heavy
18:45:00,25,65,18,20,21,high
19:00:00,25,75,9,14,6,low
19:15:00,25,85,15,20,29,high
19:30:00,25,57,21,20,18,normal
19:45:00,25,50,7,13,30,normal
20:00:00,25,87,21,14,34,high
20:15:00,25,64,24,11,6,low
20:30:00,25,76,6,18,14,normal
20:45:00,25,69,11,12,8,low
21:00:00,25,76,9,17,14,normal
21:15:00,25,94,8,15,5,normal
21:30:00,25,104,10,16,33,high
21:45:00,25,98,13,13,33,high
22:00:00,25,13,5,0,18,normal
22:15:00,25,17,1,0,11,low
22:30:00,25,18,2,1,34,normal
22:45:00,25,11,1,0,35,normal
23:00:00,25,17,4,0,11,low
23:15:00,25,17,1,1,23,normal
23:30:00,25,17,2,0,23,normal
23:45:00,25,16,4,1,30,normal
00:00:00,26,15,5,1,23,normal
00:15:00,26,18,0,0,31,normal
00:30:00,26,10,1,0,17,normal
00:45:00,26,13,2,0,32,normal
01:00:00,26,16,1,0,38,normal
01:15:00,26,11,4,0,32,normal
01:30:00,26,12,2,0,26,normal
01:45:00,26,14,2,1,14,normal
02:00:00,26,18,2,0,37,normal
02:15:00,26,17,1,1,22,normal
02:30:00,26,12,3,0,29,normal
02:45:00,26,20,5,0,30,normal
03:00:00,26,17,5,1,19,normal
03:15:00,26,12,0,1,33,normal
03:30:00,26,19,1,0,20,normal
03:45:00,26,11,4,1,38,normal
04:00:00,26,14,5,0,39,normal
04:15:00,26,102,20,4,12,normal
04:30:00,26,92,4,6,18,normal
04:45:00,26,54,14,10,16,normal
05:00:00,26,55,15,1,10,low
05:15:00,26,64,27,5,5,low
05:30:00,26,52,13,5,15,normal
05:45:00,26,73,11,4,3,low
06:00:00,26,106,27,45,5,heavy
06:15:00,26,145,21,40,5,heavy
06:30:00,26,133,19,28,5,heavy
06:45:00,26,117,31,49,0,heavy
07:00:00,26,146,17,34,0,heavy
07:15:00,26,101,35,42,3,heavy
07:30:00,26,103,28,32,1,high
07:45:00,26,150,10,26,0,heavy
08:00:00,26,135,23,48,0,heavy
08:15:00,26,104,10,48,2,high
08:30:00,26,144,39,50,1,heavy
08:45:00,26,132,10,49,0,heavy
09:00:00,26,142,19,31,1,heavy
09:15:00,26,45,4,30,29,normal
09:30:00,26,27,24,10,5,low
09:45:00,26,85,3,14,16,normal
10:00:00,26,84,11,27,26,high
10:15:00,26,90,4,10,20,normal
10:30:00,26,13,19,39,12,normal
10:45:00,26,11,1,37,9,normal
11:00:00,26,57,10,4,27,normal
11:15:00,26,52,10,9,23,normal
11:30:00,26,38,7,13,21,normal
11:45:00,26,35,7,15,24,normal
12:00:00,26,60,10,12,21,normal
12:15:00,26,70,10,3,30,high
12:30:00,26,34,8,6,30,normal
12:45:00,26,44,6,4,27,normal
13:00:00,26,21,5,4,25,normal
13:15:00,26,106,10,11,11,normal
13:30:00,26,82,30,32,10,high
13:45:00,26,57,12,9,17,normal
14:00:00,26,60,18,21,10,normal
14:15:00,26,79,17,34,8,high
14:30:00,26,78,29,22,13,normal
14:45:00,26,69,14,32,18,high
15:00:00,26,84,25,5,9,normal
15:15:00,26,62,11,28,5,normal
15:30:00,26,33,17,22,18,normal
15:45:00,26,14,21,23,6,normal
16:00:00,26,127,27,40,5,heavy
16:15:00,26,136,10,27,7,heavy
16:30:00,26,148,14,37,9,heavy
16:45:00,26,122,16,28,6,heavy
17:00:00,26,132,12,45,9,heavy
17:15:00,26,136,29,29,10,heavy
17:30:00,26,103,33,48,10,heavy
17:45:00,26,132,37,23,10,heavy
18:00:00,26,136,39,39,6,heavy
18:15:00,26,120,24,36,5,heavy
18:30:00,26,126,34,38,9,heavy
18:45:00,26,80,22,14,18,normal
19:00:00,26,99,9,15,29,high
19:15:00,26,81,21,19,7,normal
19:30:00,26,87,9,16,26,high
19:45:00,26,80,17,13,30,high
20:00:00,26,91,18,18,9,normal
20:15:00,26,90,19,15,13,normal
20:30:00,26,107,19,10,23,high
20:45:00,26,98,11,14,27,high
21:00:00,26,98,18,20,22,high
21:15:00,26,102,5,12,17,normal
21:30:00,26,62,13,16,28,high
21:45:00,26,101,15,12,35,high
22:00:00,26,17,5,1,16,normal
22:15:00,26,10,4,1,37,normal
22:30:00,26,16,4,0,35,normal
22:45:00,26,17,2,0,17,normal
23:00:00,26,17,0,0,27,normal
23:15:00,26,17,4,1,25,normal
23:30:00,26,15,2,0,15,normal
23:45:00,26,20,0,1,12,low
00:00:00,27,16,3,0,28,normal
00:15:00,27,13,2,1,28,normal
00:30:00,27,15,5,0,26,normal
00:45:00,27,15,2,1,16,normal
01:00:00,27,12,3,0,26,normal
01:15:00,27,15,5,0,27,normal
01:30:00,27,20,2,0,17,normal
01:45:00,27,12,2,0,16,normal
02:00:00,27,19,1,0,38,normal
02:15:00,27,16,1,1,32,normal
02:30:00,27,12,0,0,11,low
02:45:00,27,16,5,1,29,normal
03:00:00,27,19,5,1,18,normal
03:15:00,27,11,0,0,15,normal
03:30:00,27,15,4,1,17,normal
03:45:00,27,20,1,0,23,normal
04:00:00,27,10,4,0,36,normal
04:15:00,27,39,14,0,15,normal
04:30:00,27,33,7,3,10,low
04:45:00,27,77,8,7,15,normal
05:00:00,27,80,18,6,11,normal
05:15:00,27,53,11,7,15,normal
05:30:00,27,73,17,6,13,normal
05:45:00,27,77,20,4,13,normal
06:00:00,27,76,14,1,12,low
06:15:00,27,58,14,0,15,normal
06:30:00,27,57,18,7,13,normal
06:45:00,27,80,16,0,10,low
07:00:00,27,38,7,1,13,normal
07:15:00,27,53,20,6,12,low
07:30:00,27,30,9,7,10,low
07:45:00,27,50,19,4,10,low
08:00:00,27,31,14,3,14,normal
08:15:00,27,28,18,5,10,low
08:30:00,27,31,15,4,12,low
08:45:00,27,52,19,0,10,low
09:00:00,27,42,9,2,13,normal
09:15:00,27,151,55,27,2,heavy
09:30:00,27,180,69,29,1,heavy
09:45:00,27,149,41,23,3,heavy
10:00:00,27,167,60,27,3,heavy
10:15:00,27,134,45,22,3,heavy
10:30:00,27,180,62,26,4,heavy
10:45:00,27,156,54,25,3,heavy
11:00:00,27,171,60,18,1,heavy
11:15:00,27,174,53,10,3,heavy
11:30:00,27,154,61,16,3,heavy
11:45:00,27,161,53,11,1,heavy
12:00:00,27,148,48,13,2,heavy
12:15:00,27,136,60,27,2,heavy
12:30:00,27,143,68,16,0,heavy
12:45:00,27,152,51,22,2,heavy
13:00:00,27,132,58,15,4,heavy
13:15:00,27,155,58,15,4,heavy
13:30:00,27,144,62,12,3,heavy
13:45:00,27,161,51,20,1,heavy
14:00:00,27,137,46,13,2,heavy
14:15:00,27,149,61,16,1,heavy
14:30:00,27,158,46,20,1,heavy
14:45:00,27,134,65,22,0,heavy
15:00:00,27,134,65,10,2,heavy
15:15:00,27,73,24,4,0,low
15:30:00,27,64,23,21,1,normal
15:45:00,27,51,27,25,2,normal
16:00:00,27,80,22,17,0,normal
16:15:00,27,61,26,8,0,low
16:30:00,27,75,24,8,0,low
16:45:00,27,82,20,15,2,normal
17:00:00,27,53,28,21,1,normal
17:15:00,27,68,29,14,0,low
17:30:00,27,63,28,22,0,normal
17:45:00,27,76,30,20,1,normal
18:00:00,27,66,23,10,0,low
18:15:00,27,50,23,1,0,low
18:30:00,27,60,29,22,2,normal
18:45:00,27,75,26,11,0,normal
19:00:00,27,81,22,18,2,normal
19:15:00,27,33,6,0,4,low
19:30:00,27,21,5,6,15,normal
19:45:00,27,22,7,1,2,low
20:00:00,27,31,6,0,15,normal
20:15:00,27,41,8,3,2,low
20:30:00,27,24,6,5,11,low
20:45:00,27,45,6,6,10,low
21:00:00,27,24,11,6,2,low
21:15:00,27,47,6,2,12,low
21:30:00,27,46,1,1,4,low
21:45:00,27,26,3,2,3,low
22:00:00,27,20,4,0,39,normal
22:15:00,27,20,1,1,27,normal
22:30:00,27,19,0,1,17,normal
22:45:00,27,11,3,1,19,normal
23:00:00,27,17,5,1,31,normal
23:15:00,27,19,4,0,12,low
23:30:00,27,11,1,0,38,normal
23:45:00,27,12,0,0,17,normal
00:00:00,28,18,0,0,27,normal
00:15:00,28,19,4,0,14,normal
00:30:00,28,13,2,0,28,normal
00:45:00,28,18,4,1,23,normal
01:00:00,28,20,0,0,11,low
01:15:00,28,11,4,1,22,normal
01:30:00,28,15,2,0,18,normal
01:45:00,28,16,3,0,34,normal
02:00:00,28,11,2,0,18,normal
02:15:00,28,17,4,1,38,normal
02:30:00,28,20,4,1,28,normal
02:45:00,28,19,0,1,37,normal
03:00:00,28,10,2,1,34,normal
03:15:00,28,19,0,0,17,normal
03:30:00,28,15,0,0,30,normal
03:45:00,28,10,2,0,31,normal
04:00:00,28,18,3,0,17,normal
04:15:00,28,97,22,4,18,normal
04:30:00,28,111,12,9,17,normal
04:45:00,28,108,10,5,17,normal
05:00:00,28,74,24,10,20,normal
05:15:00,28,114,4,8,20,normal
05:30:00,28,91,16,5,11,normal
05:45:00,28,66,3,9,19,normal
06:00:00,28,104,32,23,5,normal
06:15:00,28,128,18,31,3,heavy
06:30:00,28,127,24,27,0,heavy
06:45:00,28,130,31,22,0,heavy
07:00:00,28,108,13,38,1,high
07:15:00,28,116,22,37,2,heavy
07:30:00,28,143,28,27,4,heavy
07:45:00,28,118,32,21,5,heavy
08:00:00,28,121,35,32,0,heavy
08:15:00,28,109,28,39,2,heavy
08:30:00,28,135,11,23,5,heavy
08:45:00,28,100,30,29,2,high
09:00:00,28,138,32,26,4,heavy
09:15:00,28,29,9,21,23,normal
09:30:00,28,36,17,7,30,normal
09:45:00,28,42,9,37,28,high
10:00:00,28,80,6,12,6,low
10:15:00,28,37,21,28,6,normal
10:30:00,28,44,17,27,30,high
10:45:00,28,25,12,13,5,low
11:00:00,28,36,9,9,30,normal
11:15:00,28,63,7,10,29,normal
11:30:00,28,20,5,13,22,normal
11:45:00,28,53,8,6,23,normal
12:00:00,28,41,7,5,26,normal
12:15:00,28,36,9,13,29,normal
12:30:00,28,65,10,8,22,normal
12:45:00,28,55,6,5,27,normal
13:00:00,28,63,8,15,30,high
13:15:00,28,19,26,32,18,normal
13:30:00,28,84,11,11,9,normal
13:45:00,28,110,23,34,9,heavy
14:00:00,28,46,20,18,5,normal
14:15:00,28,67,12,10,20,normal
14:30:00,28,42,25,20,19,normal
14:45:00,28,87,17,18,6,normal
15:00:00,28,45,24,31,11,normal
15:15:00,28,80,26,35,6,high
15:30:00,28,83,18,6,15,normal
15:45:00,28,68,19,15,11,normal
16:00:00,28,101,37,48,9,heavy
16:15:00,28,149,32,29,10,heavy
16:30:00,28,136,21,33,9,heavy
16:45:00,28,105,20,23,7,normal
17:00:00,28,125,12,20,8,normal
17:15:00,28,125,14,26,5,heavy
17:30:00,28,118,28,23,8,heavy
17:45:00,28,114,32,45,6,heavy
18:00:00,28,123,37,46,8,heavy
18:15:00,28,115,23,22,7,normal
18:30:00,28,111,25,35,10,heavy
18:45:00,28,66,8,11,9,low
19:00:00,28,103,12,17,23,high
19:15:00,28,94,14,14,24,high
19:30:00,28,105,23,15,18,normal
19:45:00,28,53,22,14,35,high
20:00:00,28,74,10,12,32,high
20:15:00,28,71,24,15,26,high
20:30:00,28,61,21,15,32,high
20:45:00,28,101,25,18,8,normal
21:00:00,28,104,22,10,14,normal
21:15:00,28,79,20,15,18,normal
21:30:00,28,70,20,11,14,normal
21:45:00,28,74,16,14,34,high
22:00:00,28,20,5,0,21,normal
22:15:00,28,16,0,0,36,normal
22:30:00,28,14,3,0,20,normal
22:45:00,28,14,1,1,30,normal
23:00:00,28,17,0,1,12,low
23:15:00,28,14,0,0,14,normal
23:30:00,28,18,5,0,40,normal
23:45:00,28,17,2,0,18,normal
00:00:00,29,14,1,1,35,normal
00:15:00,29,14,2,1,26,normal
00:30:00,29,16,0,1,37,normal
00:45:00,29,14,4,1,32,normal
01:00:00,29,19,5,0,12,low
01:15:00,29,11,0,1,31,normal
01:30:00,29,12,0,0,32,normal
01:45:00,29,12,3,0,32,normal
02:00:00,29,18,4,1,31,normal
02:15:00,29,17,4,1,20,normal
02:30:00,29,17,0,0,22,normal
02:45:00,29,19,2,1,12,low
03:00:00,29,18,2,1,19,normal
03:15:00,29,19,5,0,26,normal
03:30:00,29,19,5,1,35,normal
03:45:00,29,18,0,0,20,normal
04:00:00,29,16,0,0,30,normal
04:15:00,29,114,30,9,7,normal
04:30:00,29,102,17,2,14,normal
04:45:00,29,55,4,7,13,normal
05:00:00,29,82,2,4,14,normal
05:15:00,29,66,16,9,19,normal
05:30:00,29,86,5,1,13,normal
05:45:00,29,108,24,2,19,normal
06:00:00,29,112,30,26,0,heavy
06:15:00,29,147,31,46,0,heavy
06:30:00,29,116,20,40,2,heavy
06:45:00,29,138,13,21,5,heavy
07:00:00,29,132,25,40,2,heavy
07:15:00,29,124,14,31,4,heavy
07:30:00,29,106,27,25,1,normal
07:45:00,29,104,24,29,5,high
08:00:00,29,140,31,21,4,heavy
08:15:00,29,121,35,37,3,heavy
08:30:00,29,135,23,37,5,heavy
08:45:00,29,149,20,30,5,heavy
09:00:00,29,117,14,39,0,heavy
09:15:00,29,39,8,23,13,normal
09:30:00,29,40,14,18,21,normal
09:45:00,29,49,1,35,18,normal
10:00:00,29,38,12,35,25,normal
10:15:00,29,26,15,25,6,normal
10:30:00,29,93,14,10,25,high
10:45:00,29,54,24,37,20,high
11:00:00,29,32,6,10,23,normal
11:15:00,29,43,7,12,23,normal
11:30:00,29,23,6,15,20,normal
11:45:00,29,26,5,8,25,normal
12:00:00,29,55,7,8,27,normal
12:15:00,29,70,10,8,25,high
12:30:00,29,66,10,3,29,normal
12:45:00,29,66,7,15,26,high
13:00:00,29,46,6,7,21,normal
13:15:00,29,47,26,6,20,normal
13:30:00,29,75,20,7,11,normal
13:45:00,29,76,29,15,19,normal
14:00:00,29,56,14,38,12,high
14:15:00,29,19,26,36,17,normal
14:30:00,29,29,18,10,9,low
14:45:00,29,15,12,18,15,normal
15:00:00,29,53,27,27,17,high
15:15:00,29,95,22,28,9,high
15:30:00,29,27,27,32,10,normal
15:45:00,29,68,28,31,15,high
16:00:00,29,120,14,25,8,normal
16:15:00,29,144,28,24,8,heavy
16:30:00,29,112,31,43,8,heavy
16:45:00,29,149,28,20,10,heavy
17:00:00,29,131,29,34,8,heavy
17:15:00,29,104,31,41,9,heavy
17:30:00,29,141,30,27,7,heavy
17:45:00,29,117,10,47,9,heavy
18:00:00,29,112,13,37,6,heavy
18:15:00,29,127,40,39,8,heavy
18:30:00,29,131,15,31,6,heavy
18:45:00,29,66,8,10,11,low
19:00:00,29,61,23,18,34,high
19:15:00,29,55,25,13,26,high
19:30:00,29,85,23,20,6,normal
19:45:00,29,75,20,19,19,normal
20:00:00,29,58,17,20,22,high
20:15:00,29,60,23,11,26,high
20:30:00,29,80,21,11,7,normal
20:45:00,29,74,9,14,35,high
21:00:00,29,57,14,11,16,normal
21:15:00,29,73,9,13,5,low
21:30:00,29,80,25,19,26,high
21:45:00,29,82,13,12,21,high
22:00:00,29,15,4,0,27,normal
22:15:00,29,20,2,0,29,normal
22:30:00,29,12,2,0,39,normal
22:45:00,29,10,4,1,13,normal
23:00:00,29,16,0,1,29,normal
23:15:00,29,18,0,0,34,normal
23:30:00,29,11,5,1,19,normal
23:45:00,29,16,1,0,12,low
00:00:00,30,13,3,1,12,low
00:15:00,30,19,2,0,22,normal
00:30:00,30,13,3,0,39,normal
00:45:00,30,12,0,0,24,normal
01:00:00,30,10,3,1,12,low
01:15:00,30,11,4,0,38,normal
01:30:00,30,18,4,0,31,normal
01:45:00,30,19,1,0,34,normal
02:00:00,30,18,1,0,27,normal
02:15:00,30,13,0,0,26,normal
02:30:00,30,12,2,0,35,normal
02:45:00,30,15,4,0,12,low
03:00:00,30,10,5,0,33,normal
03:15:00,30,14,0,0,15,normal
03:30:00,30,16,0,0,16,normal
03:45:00,30,15,3,1,26,normal
04:00:00,30,20,4,0,34,normal
04:15:00,30,82,20,10,11,normal
04:30:00,30,99,7,3,6,normal
04:45:00,30,74,29,9,4,normal
05:00:00,30,94,1,1,14,normal
05:15:00,30,63,12,10,17,normal
05:30:00,30,101,4,3,12,normal
05:45:00,30,106,9,3,10,normal
06:00:00,30,112,15,24,1,normal
06:15:00,30,148,26,25,0,heavy
06:30:00,30,115,20,31,3,heavy
06:45:00,30,125,11,24,0,normal
07:00:00,30,140,38,38,0,heavy
07:15:00,30,150,17,35,5,heavy
07:30:00,30,149,11,42,2,heavy
07:45:00,30,150,22,38,3,heavy
08:00:00,30,147,32,25,4,heavy
08:15:00,30,138,39,45,4,heavy
08:30:00,30,149,16,49,1,heavy
08:45:00,30,139,10,50,2,heavy
09:00:00,30,109,25,49,2,heavy
09:15:00,30,84,24,12,28,high
09:30:00,30,38,8,6,5,low
09:45:00,30,45,16,6,21,normal
10:00:00,30,57,4,36,14,normal
10:15:00,30,84,12,6,28,high
10:30:00,30,55,25,33,21,high
10:45:00,30,14,15,5,21,normal
11:00:00,30,26,8,11,20,normal
11:15:00,30,60,10,9,27,normal
11:30:00,30,34,6,7,25,normal
11:45:00,30,22,9,8,26,normal
12:00:00,30,59,10,11,30,normal
12:15:00,30,48,6,14,28,normal
12:30:00,30,46,9,11,23,normal
12:45:00,30,37,9,8,20,normal
13:00:00,30,67,9,11,21,normal
13:15:00,30,32,19,39,9,normal
13:30:00,30,63,12,22,5,normal
13:45:00,30,32,29,25,11,normal
14:00:00,30,83,22,40,20,high
14:15:00,30,40,14,31,19,normal
14:30:00,30,101,22,39,19,heavy
14:45:00,30,62,29,31,11,high
15:00:00,30,20,19,25,8,normal
15:15:00,30,42,22,5,9,low
15:30:00,30,37,17,12,16,normal
15:45:00,30,95,12,20,15,normal
16:00:00,30,137,14,41,10,heavy
16:15:00,30,122,21,20,10,heavy
16:30:00,30,104,19,39,9,heavy
16:45:00,30,147,21,40,9,heavy
17:00:00,30,105,38,34,7,heavy
17:15:00,30,124,23,46,5,heavy
17:30:00,30,135,18,20,5,heavy
17:45:00,30,107,35,23,8,heavy
18:00:00,30,109,21,24,10,normal
18:15:00,30,136,32,26,8,heavy
18:30:00,30,134,23,49,8,heavy
18:45:00,30,90,20,11,25,high
19:00:00,30,104,5,16,16,normal
19:15:00,30,60,21,13,6,low
19:30:00,30,104,22,11,13,normal
19:45:00,30,54,23,10,25,high
20:00:00,30,68,6,15,34,high
20:15:00,30,88,13,19,19,normal
20:30:00,30,64,22,16,16,normal
20:45:00,30,58,24,14,24,high
21:00:00,30,67,19,12,9,low
21:15:00,30,73,20,18,7,normal
21:30:00,30,109,25,16,20,heavy
21:45:00,30,63,15,11,23,high
22:00:00,30,19,4,1,26,normal
22:15:00,30,15,1,0,34,normal
22:30:00,30,15,5,1,14,normal
22:45:00,30,19,3,1,33,normal
23:00:00,30,18,4,0,11,low
23:15:00,30,14,1,0,27,normal
23:30:00,30,19,0,0,37,normal
23:45:00,30,19,0,0,29,normal
00:00:00,31,18,1,0,30,normal
00:15:00,31,19,3,0,18,normal
00:30:00,31,15,2,1,34,normal
00:45:00,31,17,0,1,14,normal
01:00:00,31,12,0,0,33,normal
01:15:00,31,20,0,1,20,normal
01:30:00,31,10,2,0,18,normal
01:45:00,31,13,3,0,31,normal
02:00:00,31,10,0,1,38,normal
02:15:00,31,19,1,1,28,normal
02:30:00,31,19,4,0,16,normal
02:45:00,31,16,1,0,15,normal
03:00:00,31,17,1,0,34,normal
03:15:00,31,19,1,0,21,normal
03:30:00,31,10,1,0,39,normal
03:45:00,31,16,4,0,15,normal
04:00:00,31,13,0,0,16,normal
04:15:00,31,98,5,1,17,normal
04:30:00,31,65,10,3,8,low
04:45:00,31,98,17,0,20,normal
05:00:00,31,60,20,5,6,low
05:15:00,31,110,18,10,11,normal
05:30:00,31,70,13,4,13,normal
05:45:00,31,96,12,7,17,normal
06:00:00,31,129,31,36,1,heavy
06:15:00,31,146,28,47,3,heavy
06:30:00,31,137,23,27,0,heavy
06:45:00,31,131,28,24,0,heavy
07:00:00,31,134,10,44,0,heavy
07:15:00,31,109,25,24,0,normal
07:30:00,31,108,35,22,3,heavy
07:45:00,31,146,14,37,2,heavy
08:00:00,31,147,21,41,5,heavy
08:15:00,31,110,34,35,0,heavy
08:30:00,31,110,40,50,2,heavy
08:45:00,31,123,12,22,3,normal
09:00:00,31,145,25,20,5,heavy
09:15:00,31,82,15,16,29,high
09:30:00,31,62,2,7,22,normal
09:45:00,31,92,8,11,21,high
10:00:00,31,35,22,22,18,normal
10:15:00,31,66,25,13,13,normal
10:30:00,31,50,2,25,12,normal
10:45:00,31,50,22,24,7,normal
11:00:00,31,50,8,5,24,normal
11:15:00,31,55,5,5,21,normal
11:30:00,31,51,10,14,24,normal
11:45:00,31,34,8,14,21,normal
12:00:00,31,25,7,5,20,normal
12:15:00,31,59,7,9,21,normal
12:30:00,31,38,10,9,24,normal
12:45:00,31,70,10,9,23,high
13:00:00,31,63,8,13,22,normal
13:15:00,31,6,24,12,13,normal
13:30:00,31,108,17,16,16,normal
13:45:00,31,41,20,32,12,normal
14:00:00,31,54,10,20,9,normal
14:15:00,31,60,19,14,7,low
14:30:00,31,102,11,9,11,normal
14:45:00,31,50,24,30,5,normal
15:00:00,31,25,24,19,10,normal
15:15:00,31,90,25,18,20,normal
15:30:00,31,86,13,27,11,high
15:45:00,31,44,19,17,9,normal
16:00:00,31,126,24,35,8,heavy
16:15:00,31,146,26,42,9,normal
16:30:00,31,117,28,33,10,heavy
16:45:00,31,144,36,49,10,heavy
17:00:00,31,137,19,23,9,heavy
17:15:00,31,118,19,48,5,heavy
17:30:00,31,119,27,28,8,heavy
17:45:00,31,149,26,43,5,normal
18:00:00,31,117,34,36,10,heavy
18:15:00,31,124,30,44,10,heavy
18:30:00,31,141,36,48,5,heavy
18:45:00,31,78,6,11,28,high
19:00:00,31,102,23,16,24,high
19:15:00,31,104,18,18,23,high
19:30:00,31,95,9,19,7,normal
19:45:00,31,105,13,12,20,normal
20:00:00,31,100,18,16,34,heavy
20:15:00,31,80,14,20,15,normal
20:30:00,31,86,8,19,7,normal
20:45:00,31,108,20,14,15,normal
21:00:00,31,69,13,13,8,low
21:15:00,31,64,14,10,6,low
21:30:00,31,71,14,17,10,normal
21:45:00,31,61,9,18,24,high
22:00:00,31,11,4,0,31,normal
22:15:00,31,17,5,0,14,normal
22:30:00,31,15,5,0,18,normal
22:45:00,31,14,2,0,40,normal
23:00:00,31,12,2,1,28,normal
23:15:00,31,18,0,1,40,normal
23:30:00,31,14,5,0,13,normal
23:45:00,31,18,1,0,26,normal
00:00:00,1,14,0,0,34,normal
00:15:00,1,17,5,0,23,normal
00:30:00,1,19,1,1,18,normal
00:45:00,1,15,5,1,12,low
01:00:00,1,13,2,1,26,normal
01:15:00,1,15,3,0,32,normal
01:30:00,1,15,0,1,13,normal
01:45:00,1,18,5,1,12,low
02:00:00,1,17,1,0,29,normal
02:15:00,1,10,4,0,19,normal
02:30:00,1,15,0,0,18,normal
02:45:00,1,11,0,0,35,normal
03:00:00,1,20,5,1,34,normal
03:15:00,1,15,5,1,32,normal
03:30:00,1,16,4,1,37,normal
03:45:00,1,14,1,0,12,low
04:00:00,1,16,4,0,18,normal
04:15:00,1,56,21,3,0,low
04:30:00,1,78,11,10,18,normal
04:45:00,1,82,29,0,20,normal
05:00:00,1,102,15,2,7,normal
05:15:00,1,69,14,6,18,normal
05:30:00,1,87,24,6,19,normal
05:45:00,1,84,16,10,5,normal
06:00:00,1,109,38,34,5,heavy
06:15:00,1,147,38,23,3,heavy
06:30:00,1,135,19,48,5,heavy
06:45:00,1,101,23,41,5,heavy
07:00:00,1,138,21,28,1,heavy
07:15:00,1,136,20,32,1,heavy
07:30:00,1,123,19,25,5,heavy
07:45:00,1,108,30,46,5,heavy
08:00:00,1,128,15,43,5,heavy
08:15:00,1,129,37,41,1,heavy
08:30:00,1,127,18,28,3,heavy
08:45:00,1,142,37,46,3,heavy
09:00:00,1,149,26,46,1,heavy
09:15:00,1,77,13,7,23,high
09:30:00,1,37,16,13,29,normal
09:45:00,1,79,8,16,12,normal
10:00:00,1,97,2,16,7,normal
10:15:00,1,22,8,31,8,normal
10:30:00,1,31,23,19,12,normal
10:45:00,1,49,22,16,5,normal
11:00:00,1,32,5,3,21,normal
11:15:00,1,40,6,11,28,normal
11:30:00,1,42,6,10,21,normal
11:45:00,1,37,9,7,25,normal
12:00:00,1,45,5,5,24,normal
12:15:00,1,64,10,4,28,normal
12:30:00,1,33,8,6,23,normal
12:45:00,1,34,6,12,27,normal
13:00:00,1,40,9,5,20,normal
13:15:00,1,64,19,22,12,normal
13:30:00,1,108,24,34,7,heavy
13:45:00,1,108,17,33,7,high
14:00:00,1,50,23,21,11,normal
14:15:00,1,16,21,10,16,normal
14:30:00,1,91,22,34,8,high
14:45:00,1,89,19,37,18,high
15:00:00,1,108,12,23,8,normal
15:15:00,1,73,29,23,7,normal
15:30:00,1,76,28,39,14,high
15:45:00,1,19,15,20,17,normal
16:00:00,1,102,37,48,9,heavy
16:15:00,1,115,36,41,8,heavy
16:30:00,1,142,23,23,6,heavy
16:45:00,1,134,15,29,8,heavy
17:00:00,1,146,18,49,9,heavy
17:15:00,1,126,24,48,9,heavy
17:30:00,1,138,18,27,6,heavy
17:45:00,1,129,13,43,6,heavy
18:00:00,1,127,35,23,10,heavy
18:15:00,1,144,20,22,7,heavy
18:30:00,1,117,19,31,7,heavy
18:45:00,1,87,10,13,16,normal
19:00:00,1,87,6,18,30,high
19:15:00,1,97,18,10,24,high
19:30:00,1,71,21,14,12,normal
19:45:00,1,96,24,18,10,normal
20:00:00,1,90,7,17,31,high
20:15:00,1,74,6,12,34,high
20:30:00,1,59,7,15,20,normal
20:45:00,1,87,11,16,28,high
21:00:00,1,62,22,20,20,normal
21:15:00,1,71,16,14,9,low
21:30:00,1,98,9,15,18,normal
21:45:00,1,93,8,10,16,normal
22:00:00,1,17,4,0,36,normal
22:15:00,1,16,1,1,29,normal
22:30:00,1,15,2,0,10,low
22:45:00,1,10,3,1,23,normal
23:00:00,1,12,4,0,31,normal
23:15:00,1,20,1,1,24,normal
23:30:00,1,11,0,1,23,normal
23:45:00,1,14,1,1,17,normal
00:00:00,2,12,5,1,38,normal
00:15:00,2,15,4,1,29,normal
00:30:00,2,12,4,0,40,normal
00:45:00,2,11,5,0,22,normal
01:00:00,2,14,5,1,21,normal
01:15:00,2,14,3,0,39,normal
01:30:00,2,10,4,1,11,low
01:45:00,2,11,0,0,16,normal
02:00:00,2,12,3,0,39,normal
02:15:00,2,11,0,1,36,normal
02:30:00,2,16,2,0,35,normal
02:45:00,2,17,3,1,36,normal
03:00:00,2,13,1,1,13,normal
03:15:00,2,14,5,0,19,normal
03:30:00,2,17,5,1,15,normal
03:45:00,2,19,3,0,13,normal
04:00:00,2,19,3,1,12,low
04:15:00,2,54,15,10,8,low
04:30:00,2,107,0,1,2,low
04:45:00,2,116,20,5,14,normal
05:00:00,2,78,2,4,9,low
05:15:00,2,111,22,0,12,normal
05:30:00,2,85,27,7,17,normal
05:45:00,2,95,5,9,20,normal
06:00:00,2,143,33,27,1,heavy
06:15:00,2,133,40,37,0,heavy
06:30:00,2,123,37,34,4,heavy
06:45:00,2,133,34,36,1,heavy
07:00:00,2,101,20,42,4,normal
07:15:00,2,145,10,37,0,heavy
07:30:00,2,141,39,40,5,heavy
07:45:00,2,134,12,22,2,heavy
08:00:00,2,126,10,26,4,high
08:15:00,2,136,22,31,0,heavy
08:30:00,2,128,26,42,4,heavy
08:45:00,2,106,12,28,4,high
09:00:00,2,140,27,36,2,heavy
09:15:00,2,40,20,37,28,high
09:30:00,2,13,25,33,12,normal
09:45:00,2,18,22,26,10,normal
10:00:00,2,59,5,36,12,high
10:15:00,2,48,9,30,14,normal
10:30:00,2,77,23,14,20,normal
10:45:00,2,17,13,13,27,normal
11:00:00,2,36,5,14,25,normal
11:15:00,2,60,10,3,28,normal
11:30:00,2,34,5,4,29,normal
11:45:00,2,63,5,6,20,normal
12:00:00,2,48,10,13,23,normal
12:15:00,2,44,5,5,21,normal
12:30:00,2,62,5,14,23,normal
12:45:00,2,38,8,15,27,normal
13:00:00,2,26,6,9,29,normal
13:15:00,2,78,23,16,13,normal
13:30:00,2,116,21,22,17,heavy
13:45:00,2,94,13,11,16,normal
14:00:00,2,52,19,26,10,normal
14:15:00,2,70,13,12,10,low
14:30:00,2,34,17,21,14,normal
14:45:00,2,16,18,40,6,normal
15:00:00,2,24,20,15,17,normal
15:15:00,2,21,15,33,12,normal
15:30:00,2,100,10,18,7,normal
15:45:00,2,117,22,11,5,normal
16:00:00,2,145,30,40,8,normal
16:15:00,2,113,38,45,7,heavy
16:30:00,2,110,31,37,7,heavy
16:45:00,2,126,15,26,6,heavy
17:00:00,2,100,15,29,7,high
17:15:00,2,147,28,29,10,heavy
17:30:00,2,146,22,50,10,heavy
17:45:00,2,148,23,27,5,heavy
18:00:00,2,149,17,41,9,heavy
18:15:00,2,136,32,41,7,heavy
18:30:00,2,101,22,33,9,high
18:45:00,2,87,18,13,34,high
19:00:00,2,50,21,14,9,low
19:15:00,2,63,23,19,34,high
19:30:00,2,73,9,11,5,low
19:45:00,2,78,13,20,25,high
20:00:00,2,71,22,12,14,normal
20:15:00,2,80,17,11,15,normal
20:30:00,2,62,21,10,35,high
20:45:00,2,100,17,16,33,high
21:00:00,2,95,15,18,9,normal
21:15:00,2,102,14,15,34,high
21:30:00,2,68,12,15,32,high
21:45:00,2,74,5,19,5,normal
22:00:00,2,15,4,1,21,normal
22:15:00,2,16,0,1,24,normal
22:30:00,2,12,0,0,12,low
22:45:00,2,12,5,0,23,normal
23:00:00,2,15,2,1,14,normal
23:15:00,2,10,3,0,23,normal
23:30:00,2,16,2,0,35,normal
23:45:00,2,13,3,0,22,normal
00:00:00,3,13,0,0,32,normal
00:15:00,3,11,1,0,27,normal
00:30:00,3,17,1,0,32,normal
00:45:00,3,11,2,0,17,normal
01:00:00,3,14,1,1,11,low
01:15:00,3,17,2,0,33,normal
01:30:00,3,15,2,1,38,normal
01:45:00,3,13,4,1,24,normal
02:00:00,3,11,5,1,11,low
02:15:00,3,12,3,0,22,normal
02:30:00,3,15,1,0,26,normal
02:45:00,3,13,0,1,34,normal
03:00:00,3,17,5,0,15,normal
03:15:00,3,20,3,1,26,normal
03:30:00,3,18,4,0,30,normal
03:45:00,3,12,1,1,19,normal
04:00:00,3,20,0,0,12,low
04:15:00,3,29,10,0,12,low
04:30:00,3,39,20,1,10,low
04:45:00,3,76,9,7,13,normal
05:00:00,3,33,17,0,13,normal
05:15:00,3,64,14,1,12,low
05:30:00,3,44,7,1,11,low
05:45:00,3,53,8,4,15,normal
06:00:00,3,75,6,7,13,normal
06:15:00,3,60,11,4,10,low
06:30:00,3,35,14,2,14,normal
06:45:00,3,75,20,6,15,normal
07:00:00,3,27,10,2,12,low
07:15:00,3,61,20,7,14,normal
07:30:00,3,72,20,5,15,normal
07:45:00,3,43,18,6,14,normal
08:00:00,3,54,10,4,14,normal
08:15:00,3,30,12,1,14,normal
08:30:00,3,72,8,6,12,low
08:45:00,3,55,17,7,15,normal
09:00:00,3,36,20,0,13,normal
09:15:00,3,168,55,10,0,heavy
09:30:00,3,135,61,28,2,heavy
09:45:00,3,168,68,27,2,heavy
10:00:00,3,139,44,16,1,heavy
10:15:00,3,156,63,12,3,heavy
10:30:00,3,141,51,27,3,heavy
10:45:00,3,144,44,16,3,heavy
11:00:00,3,132,65,23,0,heavy
11:15:00,3,180,48,17,2,heavy
11:30:00,3,140,67,20,4,heavy
11:45:00,3,163,62,12,0,heavy
12:00:00,3,148,70,15,0,heavy
12:15:00,3,134,47,22,3,heavy
12:30:00,3,162,51,13,0,heavy
12:45:00,3,136,49,15,1,heavy
13:00:00,3,147,52,26,0,heavy
13:15:00,3,174,54,25,1,heavy
13:30:00,3,135,69,20,1,heavy
13:45:00,3,142,55,21,1,heavy
14:00:00,3,144,59,14,2,heavy
14:15:00,3,180,49,17,0,heavy
14:30:00,3,153,59,20,4,heavy
14:45:00,3,139,43,27,3,heavy
15:00:00,3,179,60,12,0,heavy
15:15:00,3,76,21,6,1,low
15:30:00,3,59,25,19,1,normal
15:45:00,3,51,20,12,1,low
16:00:00,3,78,24,19,2,normal
16:15:00,3,50,24,11,0,low
16:30:00,3,59,25,8,0,low
16:45:00,3,90,21,0,0,low
17:00:00,3,79,26,21,2,normal
17:15:00,3,56,21,4,1,low
17:30:00,3,70,25,11,2,low
17:45:00,3,54,27,21,2,normal
18:00:00,3,53,22,13,2,low
18:15:00,3,59,27,5,2,low
18:30:00,3,63,30,21,0,normal
18:45:00,3,87,21,16,0,normal
19:00:00,3,71,26,19,1,normal
19:15:00,3,32,5,5,13,normal
19:30:00,3,36,6,7,2,low
19:45:00,3,35,10,0,2,low
20:00:00,3,40,10,5,10,low
20:15:00,3,44,6,1,3,low
20:30:00,3,40,6,1,3,low
20:45:00,3,45,2,7,7,low
21:00:00,3,44,2,6,5,low
21:15:00,3,33,4,4,5,low
21:30:00,3,22,5,3,13,normal
21:45:00,3,33,5,5,1,low
22:00:00,3,10,0,0,29,normal
22:15:00,3,19,3,1,35,normal
22:30:00,3,10,4,0,30,normal
22:45:00,3,12,3,1,25,normal
23:00:00,3,12,1,0,40,normal
23:15:00,3,20,2,0,19,normal
23:30:00,3,18,4,1,11,low
23:45:00,3,19,1,1,37,normal
00:00:00,4,13,2,0,25,normal
00:15:00,4,16,4,1,15,normal
00:30:00,4,10,4,1,16,normal
00:45:00,4,18,3,0,19,normal
01:00:00,4,15,5,0,10,low
01:15:00,4,14,2,1,22,normal
01:30:00,4,15,0,0,15,normal
01:45:00,4,17,5,0,21,normal
02:00:00,4,14,0,1,12,low
02:15:00,4,10,1,0,11,low
02:30:00,4,18,5,0,18,normal
02:45:00,4,12,4,0,11,low
03:00:00,4,17,0,1,30,normal
03:15:00,4,20,1,0,28,normal
03:30:00,4,19,5,1,38,normal
03:45:00,4,15,0,0,36,normal
04:00:00,4,10,2,0,30,normal
04:15:00,4,74,4,4,13,normal
04:30:00,4,96,29,6,17,normal
04:45:00,4,109,16,6,12,normal
05:00:00,4,113,6,9,10,normal
05:15:00,4,90,24,8,20,normal
05:30:00,4,106,19,10,17,normal
05:45:00,4,96,7,6,4,normal
06:00:00,4,102,21,42,3,heavy
06:15:00,4,140,35,50,0,heavy
06:30:00,4,105,33,29,4,heavy
06:45:00,4,134,26,27,1,heavy
07:00:00,4,123,35,45,1,heavy
07:15:00,4,128,31,26,0,heavy
07:30:00,4,105,32,43,0,heavy
07:45:00,4,137,13,31,5,heavy
08:00:00,4,148,37,46,2,heavy
08:15:00,4,105,14,35,2,high
08:30:00,4,148,17,42,5,heavy
08:45:00,4,116,22,30,3,heavy
09:00:00,4,143,28,46,1,heavy
09:15:00,4,30,24,13,13,normal
09:30:00,4,74,23,35,10,high
09:45:00,4,67,5,36,17,high
10:00:00,4,59,11,33,25,high
10:15:00,4,34,21,39,16,normal
10:30:00,4,72,24,10,9,normal
10:45:00,4,73,12,32,5,high
11:00:00,4,26,8,8,24,normal
11:15:00,4,47,5,7,28,normal
11:30:00,4,33,10,6,29,normal
11:45:00,4,39,8,13,20,normal
12:00:00,4,36,5,14,22,normal
12:15:00,4,53,9,15,25,normal
12:30:00,4,37,9,10,30,normal
12:45:00,4,54,8,4,27,normal
13:00:00,4,20,8,15,26,normal
13:15:00,4,47,29,28,9,high
13:30:00,4,51,27,10,20,normal
13:45:00,4,114,11,40,20,heavy
14:00:00,4,73,13,19,9,normal
14:15:00,4,28,19,27,5,normal
14:30:00,4,105,20,20,11,normal
14:45:00,4,68,24,15,14,normal
15:00:00,4,112,16,30,11,heavy
15:15:00,4,120,30,28,15,heavy
15:30:00,4,38,27,12,18,normal
15:45:00,4,94,17,14,15,normal
16:00:00,4,107,28,45,8,heavy
16:15:00,4,100,16,49,7,heavy
16:30:00,4,145,15,20,9,heavy
16:45:00,4,133,17,22,8,heavy
17:00:00,4,117,36,41,10,heavy
17:15:00,4,113,26,26,8,heavy
17:30:00,4,101,20,21,9,normal
17:45:00,4,149,33,45,10,heavy
18:00:00,4,134,35,26,7,heavy
18:15:00,4,106,11,45,9,heavy
18:30:00,4,121,37,34,6,heavy
18:45:00,4,97,13,11,15,normal
19:00:00,4,91,17,18,29,high
19:15:00,4,57,16,13,19,normal
19:30:00,4,110,10,10,20,normal
19:45:00,4,71,14,17,30,high
20:00:00,4,89,25,20,24,high
20:15:00,4,87,16,15,14,normal
20:30:00,4,106,12,16,9,normal
20:45:00,4,78,10,19,20,normal
21:00:00,4,61,10,16,27,high
21:15:00,4,74,19,15,24,high
21:30:00,4,56,20,11,25,high
21:45:00,4,106,22,16,18,normal
22:00:00,4,10,1,1,12,low
22:15:00,4,12,4,1,33,normal
22:30:00,4,16,4,0,16,normal
22:45:00,4,18,1,0,18,normal
23:00:00,4,19,2,0,36,normal
23:15:00,4,18,4,1,35,normal
23:30:00,4,17,0,0,31,normal
23:45:00,4,18,1,0,16,normal
00:00:00,5,15,4,0,37,normal
00:15:00,5,11,5,0,14,normal
00:30:00,5,11,5,0,22,normal
00:45:00,5,12,2,1,37,normal
01:00:00,5,18,1,1,34,normal
01:15:00,5,19,1,0,11,low
01:30:00,5,11,4,1,26,normal
01:45:00,5,18,3,0,28,normal
02:00:00,5,12,4,1,37,normal
02:15:00,5,11,1,1,29,normal
02:30:00,5,19,5,1,29,normal
02:45:00,5,18,4,0,11,low
03:00:00,5,16,4,0,29,normal
03:15:00,5,19,4,1,33,normal
03:30:00,5,15,3,1,12,low
03:45:00,5,16,4,1,28,normal
04:00:00,5,11,4,0,20,normal
04:15:00,5,93,4,1,16,normal
04:30:00,5,114,12,7,18,normal
04:45:00,5,56,7,5,20,normal
05:00:00,5,92,23,3,19,normal
05:15:00,5,99,6,6,7,normal
05:30:00,5,108,14,6,9,normal
05:45:00,5,66,20,2,16,normal
06:00:00,5,147,26,44,5,heavy
06:15:00,5,139,27,29,1,heavy
06:30:00,5,119,31,36,5,heavy
06:45:00,5,114,30,21,2,normal
07:00:00,5,103,27,21,4,normal
07:15:00,5,105,17,29,4,high
07:30:00,5,124,29,41,1,heavy
07:45:00,5,118,19,34,1,heavy
08:00:00,5,101,37,32,0,heavy
08:15:00,5,109,11,48,1,heavy
08:30:00,5,143,12,23,3,heavy
08:45:00,5,143,40,30,0,heavy
09:00:00,5,128,16,34,0,heavy
09:15:00,5,14,25,14,16,normal
09:30:00,5,99,10,11,15,normal
09:45:00,5,67,1,22,14,normal
10:00:00,5,42,2,29,9,normal
10:15:00,5,92,3,33,21,high
10:30:00,5,91,16,28,9,high
10:45:00,5,25,9,10,28,normal
11:00:00,5,37,5,12,29,normal
11:15:00,5,55,6,12,29,normal
11:30:00,5,49,8,8,26,normal
11:45:00,5,69,9,3,20,normal
12:00:00,5,38,6,6,24,normal
12:15:00,5,40,8,12,21,normal
12:30:00,5,53,5,3,20,normal
12:45:00,5,21,8,4,28,normal
13:00:00,5,24,7,4,20,normal
13:15:00,5,47,24,24,9,normal
13:30:00,5,90,30,32,8,high
13:45:00,5,120,21,22,14,heavy
14:00:00,5,120,12,40,13,heavy
14:15:00,5,66,14,21,7,normal
14:30:00,5,89,24,12,6,normal
14:45:00,5,80,17,16,5,normal
15:00:00,5,114,21,10,9,normal
15:15:00,5,94,20,7,10,normal
15:30:00,5,70,18,28,5,high
15:45:00,5,56,17,15,8,low
16:00:00,5,141,15,20,6,heavy
16:15:00,5,150,19,46,7,heavy
16:30:00,5,119,37,22,8,heavy
16:45:00,5,144,14,44,5,heavy
17:00:00,5,110,25,46,6,heavy
17:15:00,5,138,15,31,10,heavy
17:30:00,5,140,35,41,5,heavy
17:45:00,5,103,24,28,8,high
18:00:00,5,142,27,30,5,heavy
18:15:00,5,149,13,22,9,heavy
18:30:00,5,126,40,39,8,heavy
18:45:00,5,78,15,14,28,high
19:00:00,5,102,15,11,29,high
19:15:00,5,96,22,20,12,normal
19:30:00,5,110,24,15,14,normal
19:45:00,5,97,22,17,13,normal
20:00:00,5,53,19,11,18,normal
20:15:00,5,82,8,17,29,high
20:30:00,5,91,24,18,29,high
20:45:00,5,102,6,14,35,high
21:00:00,5,109,6,15,18,normal
21:15:00,5,78,16,13,27,high
21:30:00,5,66,12,16,33,high
21:45:00,5,100,17,15,22,high
22:00:00,5,15,1,1,25,normal
22:15:00,5,16,1,0,33,normal
22:30:00,5,19,4,0,26,normal
22:45:00,5,10,0,1,34,normal
23:00:00,5,14,0,0,28,normal
23:15:00,5,13,2,0,22,normal
23:30:00,5,18,5,1,20,normal
23:45:00,5,18,4,0,18,normal
00:00:00,6,11,3,0,26,normal
00:15:00,6,13,1,0,24,normal
00:30:00,6,19,5,1,15,normal
00:45:00,6,11,3,1,28,normal
01:00:00,6,11,1,1,40,normal
01:15:00,6,18,4,1,28,normal
01:30:00,6,15,2,1,16,normal
01:45:00,6,20,0,0,27,normal
02:00:00,6,14,5,0,17,normal
02:15:00,6,11,3,1,10,low
02:30:00,6,18,5,0,22,normal
02:45:00,6,12,4,0,16,normal
03:00:00,6,10,2,0,24,normal
03:15:00,6,20,0,1,36,normal
03:30:00,6,20,1,0,29,normal
03:45:00,6,16,4,0,24,normal
04:00:00,6,18,3,0,22,normal
04:15:00,6,88,11,10,3,normal
04:30:00,6,114,5,9,7,normal
04:45:00,6,103,3,9,17,normal
05:00:00,6,81,16,7,14,normal
05:15:00,6,94,1,9,3,low
05:30:00,6,56,11,9,15,normal
05:45:00,6,80,16,5,10,low
06:00:00,6,138,35,47,4,heavy
06:15:00,6,123,27,22,4,heavy
06:30:00,6,114,30,36,2,heavy
06:45:00,6,122,30,37,2,heavy
07:00:00,6,148,10,28,2,heavy
07:15:00,6,127,38,48,0,heavy
07:30:00,6,113,32,44,1,heavy
07:45:00,6,131,26,40,1,heavy
08:00:00,6,108,27,44,5,heavy
08:15:00,6,109,19,49,3,heavy
08:30:00,6,125,15,28,3,heavy
08:45:00,6,139,30,35,4,heavy
09:00:00,6,103,35,50,2,heavy
09:15:00,6,64,13,40,12,high
09:30:00,6,79,1,10,30,high
09:45:00,6,50,2,7,14,normal
10:00:00,6,84,18,18,28,high
10:15:00,6,99,16,39,26,heavy
10:30:00,6,42,3,27,18,normal
10:45:00,6,53,2,29,24,normal
11:00:00,6,63,10,8,28,normal
11:15:00,6,24,8,3,20,normal
11:30:00,6,46,8,6,26,normal
11:45:00,6,20,7,8,26,normal
12:00:00,6,41,8,7,27,normal
12:15:00,6,44,5,3,28,normal
12:30:00,6,33,6,14,28,normal
12:45:00,6,30,9,7,25,normal
13:00:00,6,68,7,5,25,normal
13:15:00,6,28,29,26,5,normal
13:30:00,6,96,20,14,18,normal
13:45:00,6,24,15,26,13,normal
14:00:00,6,70,21,32,18,high
14:15:00,6,49,21,11,20,normal
14:30:00,6,51,22,12,16,normal
14:45:00,6,84,12,15,15,normal
15:00:00,6,99,18,7,20,normal
15:15:00,6,106,10,9,8,normal
15:30:00,6,6,11,34,20,normal
15:45:00,6,59,29,15,16,normal
16:00:00,6,139,25,41,5,heavy
16:15:00,6,109,12,49,6,heavy
16:30:00,6,124,24,47,9,heavy
16:45:00,6,135,29,39,7,heavy
17:00:00,6,137,15,37,7,heavy
17:15:00,6,119,28,46,9,heavy
17:30:00,6,127,21,28,5,heavy
17:45:00,6,109,37,44,9,heavy
18:00:00,6,145,27,35,7,heavy
18:15:00,6,133,36,28,6,heavy
18:30:00,6,138,19,36,5,heavy
18:45:00,6,73,5,20,10,normal
19:00:00,6,83,11,14,33,high
19:15:00,6,89,8,10,19,normal
19:30:00,6,99,19,18,24,high
19:45:00,6,54,17,14,8,low
20:00:00,6,58,18,14,6,low
20:15:00,6,56,16,12,9,low
20:30:00,6,77,6,20,5,normal
20:45:00,6,85,6,18,17,normal
21:00:00,6,105,14,13,32,high
21:15:00,6,96,21,11,24,high
21:30:00,6,66,22,17,16,normal
21:45:00,6,88,15,19,14,normal
22:00:00,6,16,1,1,24,normal
22:15:00,6,13,1,0,11,low
22:30:00,6,13,5,1,23,normal
22:45:00,6,19,5,0,37,normal
23:00:00,6,19,1,0,31,normal
23:15:00,6,11,5,0,19,normal
23:30:00,6,18,3,0,32,normal
23:45:00,6,17,1,1,38,normal
00:00:00,7,17,3,0,20,normal
00:15:00,7,18,4,1,19,normal
00:30:00,7,19,3,0,24,normal
00:45:00,7,16,3,0,15,normal
01:00:00,7,12,5,1,21,normal
01:15:00,7,17,3,0,36,normal
01:30:00,7,19,4,1,21,normal
01:45:00,7,13,5,0,20,normal
02:00:00,7,14,0,1,37,normal
02:15:00,7,14,5,0,39,normal
02:30:00,7,13,1,0,19,normal
02:45:00,7,18,5,1,25,normal
03:00:00,7,15,1,1,15,normal
03:15:00,7,19,2,0,30,normal
03:30:00,7,18,2,1,27,normal
03:45:00,7,13,1,0,38,normal
04:00:00,7,19,2,0,32,normal
04:15:00,7,116,0,1,9,normal
04:30:00,7,60,12,8,15,normal
04:45:00,7,82,15,0,19,normal
05:00:00,7,67,23,7,3,low
05:15:00,7,59,27,10,18,normal
05:30:00,7,66,6,9,5,low
05:45:00,7,120,10,3,16,normal
06:00:00,7,121,22,30,0,heavy
06:15:00,7,130,27,39,5,heavy
06:30:00,7,139,31,44,3,heavy
06:45:00,7,129,14,43,5,heavy
07:00:00,7,131,28,43,5,heavy
07:15:00,7,119,39,24,1,heavy
07:30:00,7,142,25,34,5,heavy
07:45:00,7,123,22,22,3,heavy
08:00:00,7,106,19,38,4,normal
08:15:00,7,115,39,20,2,heavy
08:30:00,7,111,17,32,1,high
08:45:00,7,144,26,50,3,normal
09:00:00,7,126,31,48,2,heavy
09:15:00,7,73,22,21,29,high
09:30:00,7,28,7,25,18,normal
09:45:00,7,31,10,40,9,normal
10:00:00,7,51,14,33,14,high
10:15:00,7,22,7,39,23,normal
10:30:00,7,46,5,11,21,normal
10:45:00,7,72,22,21,27,high
11:00:00,7,70,5,5,29,normal
11:15:00,7,28,9,9,24,normal
11:30:00,7,44,5,11,23,normal
11:45:00,7,27,6,13,30,normal
12:00:00,7,20,6,6,23,normal
12:15:00,7,29,7,3,28,normal
12:30:00,7,20,6,5,27,normal
12:45:00,7,65,9,15,22,normal
13:00:00,7,36,5,6,20,normal
13:15:00,7,99,21,21,6,normal
13:30:00,7,101,21,34,18,heavy
13:45:00,7,98,29,34,12,heavy
14:00:00,7,113,20,7,13,normal
14:15:00,7,75,24,27,7,high
14:30:00,7,71,21,38,11,high
14:45:00,7,119,13,32,7,heavy
15:00:00,7,114,11,39,13,heavy
15:15:00,7,99,26,8,11,normal
15:30:00,7,39,12,21,9,normal
15:45:00,7,114,26,16,20,heavy
16:00:00,7,120,32,39,9,heavy
16:15:00,7,143,24,35,6,heavy
16:30:00,7,121,28,21,5,heavy
16:45:00,7,134,23,28,10,heavy
17:00:00,7,103,13,37,10,high
17:15:00,7,122,12,48,10,heavy
17:30:00,7,145,39,23,6,heavy
17:45:00,7,105,13,48,10,heavy
18:00:00,7,144,13,40,10,heavy
18:15:00,7,103,18,40,5,high
18:30:00,7,120,15,34,8,heavy
18:45:00,7,56,19,16,13,normal
19:00:00,7,56,5,17,14,normal
19:15:00,7,108,15,13,5,normal
19:30:00,7,58,23,14,34,high
19:45:00,7,58,13,11,33,high
20:00:00,7,76,24,14,15,normal
20:15:00,7,69,8,13,28,high
20:30:00,7,54,9,12,10,low
20:45:00,7,89,7,10,10,normal
21:00:00,7,110,18,18,10,normal
21:15:00,7,86,12,17,18,normal
21:30:00,7,82,7,16,9,normal
21:45:00,7,102,5,19,11,normal
22:00:00,7,16,5,0,21,normal
22:15:00,7,11,3,1,39,normal
22:30:00,7,18,5,0,11,low
22:45:00,7,12,0,1,32,normal
23:00:00,7,15,4,1,39,normal
23:15:00,7,15,4,0,26,normal
23:30:00,7,13,1,0,30,normal
23:45:00,7,12,3,0,28,normal
00:00:00,8,17,2,1,20,normal
00:15:00,8,14,5,1,33,normal
00:30:00,8,16,3,1,11,low
00:45:00,8,18,2,1,13,normal
01:00:00,8,12,2,1,17,normal
01:15:00,8,17,4,1,15,normal
01:30:00,8,18,1,1,25,normal
01:45:00,8,20,1,1,10,low
02:00:00,8,15,1,0,21,normal
02:15:00,8,11,3,1,34,normal
02:30:00,8,19,0,1,13,normal
02:45:00,8,10,3,0,14,normal
03:00:00,8,17,5,1,17,normal
03:15:00,8,16,1,0,11,low
03:30:00,8,11,0,1,33,normal
03:45:00,8,10,5,0,39,normal
04:00:00,8,12,3,0,32,normal
04:15:00,8,106,16,10,10,normal
04:30:00,8,69,18,0,12,low
04:45:00,8,103,26,6,12,normal
05:00:00,8,99,25,6,6,normal
05:15:00,8,85,9,4,11,low
05:30:00,8,109,0,3,8,normal
05:45:00,8,106,27,1,6,normal
06:00:00,8,133,28,31,3,heavy
06:15:00,8,108,39,34,5,heavy
06:30:00,8,101,12,48,1,high
06:45:00,8,145,11,29,1,heavy
07:00:00,8,112,33,29,3,heavy
07:15:00,8,111,18,32,4,high
07:30:00,8,133,39,44,2,heavy
07:45:00,8,115,34,37,5,heavy
08:00:00,8,135,35,38,3,heavy
08:15:00,8,142,40,28,3,heavy
08:30:00,8,124,11,27,2,high
08:45:00,8,122,29,31,5,heavy
09:00:00,8,101,19,23,5,normal
09:15:00,8,72,5,15,20,normal
09:30:00,8,100,13,23,9,normal
09:45:00,8,32,10,33,8,normal
10:00:00,8,42,25,37,12,high
10:15:00,8,81,25,40,20,high
10:30:00,8,56,18,9,23,normal
10:45:00,8,84,9,31,17,high
11:00:00,8,36,9,8,28,normal
11:15:00,8,32,5,11,27,normal
11:30:00,8,26,7,15,27,normal
11:45:00,8,34,5,5,22,normal
12:00:00,8,66,9,6,30,normal
12:15:00,8,69,10,4,24,normal
12:30:00,8,44,7,9,20,normal
12:45:00,8,58,10,5,27,normal
13:00:00,8,27,6,14,30,normal
13:15:00,8,19,21,25,15,normal
13:30:00,8,39,15,30,8,normal
13:45:00,8,109,21,10,12,normal
14:00:00,8,93,10,9,15,normal
14:15:00,8,73,16,12,11,normal
14:30:00,8,111,18,29,16,heavy
14:45:00,8,37,20,10,19,normal
15:00:00,8,74,23,13,20,normal
15:15:00,8,32,28,35,6,normal
15:30:00,8,34,23,19,17,normal
15:45:00,8,59,25,9,20,normal
16:00:00,8,145,12,24,8,heavy
16:15:00,8,118,17,28,8,heavy
16:30:00,8,145,20,47,8,heavy
16:45:00,8,140,25,46,10,heavy
17:00:00,8,120,35,43,7,heavy
17:15:00,8,126,24,31,7,heavy
17:30:00,8,106,22,43,5,heavy
17:45:00,8,137,40,28,9,heavy
18:00:00,8,108,40,25,6,heavy
18:15:00,8,135,15,50,6,heavy
18:30:00,8,121,21,49,8,heavy
18:45:00,8,59,6,20,6,normal
19:00:00,8,59,13,18,27,high
19:15:00,8,103,7,15,15,normal
19:30:00,8,56,14,14,31,high
19:45:00,8,106,23,12,9,normal
20:00:00,8,109,5,16,17,normal
20:15:00,8,110,5,20,11,normal
20:30:00,8,86,15,15,23,high
20:45:00,8,91,18,19,26,high
21:00:00,8,99,19,15,28,high
21:15:00,8,93,14,20,17,normal
21:30:00,8,89,25,13,23,high
21:45:00,8,107,15,12,24,high
22:00:00,8,16,5,0,14,normal
22:15:00,8,14,5,1,20,normal
22:30:00,8,18,3,0,24,normal
22:45:00,8,12,3,0,40,normal
23:00:00,8,14,4,1,27,normal
23:15:00,8,18,5,1,15,normal
23:30:00,8,10,4,1,23,normal
23:45:00,8,10,5,0,14,normal
00:00:00,9,14,3,0,28,normal
00:15:00,9,10,2,0,38,normal
00:30:00,9,19,0,0,32,normal
00:45:00,9,20,3,0,19,normal
01:00:00,9,18,3,0,14,normal
01:15:00,9,11,2,0,12,low
01:30:00,9,17,1,1,13,normal
01:45:00,9,10,0,1,36,normal
02:00:00,9,17,0,0,32,normal
02:15:00,9,20,5,1,22,normal
02:30:00,9,12,3,0,17,normal
02:45:00,9,13,0,0,31,normal
03:00:00,9,11,1,1,35,normal
03:15:00,9,18,2,0,19,normal
03:30:00,9,15,0,1,24,normal
03:45:00,9,14,3,0,25,normal
04:00:00,9,12,0,1,16,normal
04:15:00,9,85,24,5,5,normal
04:30:00,9,71,22,5,2,low
04:45:00,9,108,4,5,3,normal
05:00:00,9,63,29,5,15,normal
05:15:00,9,62,12,3,18,normal
05:30:00,9,118,15,3,11,normal
05:45:00,9,90,21,2,14,normal
06:00:00,9,141,30,31,1,heavy
06:15:00,9,126,31,33,2,heavy
06:30:00,9,112,26,30,4,heavy
06:45:00,9,112,12,38,4,high
07:00:00,9,144,14,33,4,heavy
07:15:00,9,127,13,36,1,heavy
07:30:00,9,146,10,44,5,heavy
07:45:00,9,146,22,26,4,heavy
08:00:00,9,101,10,48,5,high
08:15:00,9,104,19,24,4,normal
08:30:00,9,150,20,43,0,heavy
08:45:00,9,110,35,45,2,heavy
09:00:00,9,139,15,28,2,heavy
09:15:00,9,99,17,32,7,high
09:30:00,9,22,15,7,19,normal
09:45:00,9,11,12,21,24,normal
10:00:00,9,47,20,18,16,normal
10:15:00,9,54,1,35,26,high
10:30:00,9,26,16,13,16,normal
10:45:00,9,99,18,39,19,heavy
11:00:00,9,31,9,11,28,normal
11:15:00,9,24,8,13,23,normal
11:30:00,9,21,7,9,20,normal
11:45:00,9,60,10,5,25,normal
12:00:00,9,29,9,12,21,normal
12:15:00,9,37,7,14,28,normal
12:30:00,9,53,7,11,22,normal
12:45:00,9,35,5,15,25,normal
13:00:00,9,53,6,10,28,normal
13:15:00,9,114,18,17,8,normal
13:30:00,9,95,28,22,9,normal
13:45:00,9,62,23,38,19,high
14:00:00,9,70,28,12,12,normal
14:15:00,9,35,20,10,8,low
14:30:00,9,60,23,10,20,normal
14:45:00,9,40,22,25,9,normal
15:00:00,9,53,21,6,11,low
15:15:00,9,99,16,38,7,high
15:30:00,9,86,21,31,18,high
15:45:00,9,79,28,35,13,high
16:00:00,9,146,25,33,8,heavy
16:15:00,9,116,24,36,6,heavy
16:30:00,9,107,14,44,5,heavy
16:45:00,9,115,20,27,9,heavy
17:00:00,9,113,23,43,6,heavy
17:15:00,9,102,20,31,5,high
17:30:00,9,138,27,21,7,heavy
17:45:00,9,146,13,38,9,heavy
18:00:00,9,139,33,41,7,heavy
18:15:00,9,130,24,48,9,heavy
18:30:00,9,135,31,34,8,heavy
18:45:00,9,106,22,16,20,normal
19:00:00,9,109,23,14,26,heavy
19:15:00,9,108,24,19,10,normal
19:30:00,9,50,16,16,11,normal
19:45:00,9,102,22,17,10,normal
20:00:00,9,72,25,10,27,high
20:15:00,9,91,13,18,13,normal
20:30:00,9,67,19,11,8,low
20:45:00,9,61,14,10,5,low
21:00:00,9,107,13,14,28,high
21:15:00,9,91,5,12,34,high
21:30:00,9,106,18,13,27,high
21:45:00,9,107,14,10,18,normal
22:00:00,9,17,4,1,20,normal
22:15:00,9,11,4,1,30,normal
22:30:00,9,11,4,0,23,normal
22:45:00,9,16,3,1,36,normal
23:00:00,9,11,0,1,30,normal
23:15:00,9,15,4,1,25,normal
23:30:00,9,16,5,0,27,normal
23:45:00,9,14,3,1,15,normal
